x	y
2.98	55.3
2.94	55.3
2.5	56.1
-28.7	40.5
-30.2	41.9
-16.5	18.1
-23.9	36
-30.4	42.4
-30.1	42.2
-29.6	41.9
-29.9	42.2
35.7	-52
37.2	-9.91
34.3	-52.4
11	27.1
38	-8.71
-2.89	43.1
-30.3	43.5
-26.9	38.7
-29.3	40.7
-10.8	49.9
-29.8	43.4
-30.6	46.2
-11.2	49.2
-29.4	43
-28.2	39.9
-28.9	41.3
-29	43.8
-30.5	43.2
-30.5	42.5
-1.1	40.2
-30.9	45
-30.1	47.1
-29.9	41.3
-30	43.4
-4.74	22.6
-3.29	24.1
-30	46.8
-29.9	41.6
-30.4	44.1
-30.1	42.9
-30.7	46.5
-32.4	43.4
-31.9	44.4
-27	37.5
-29.2	42.4
-30.2	43.3
-34.1	43.1
6.18	31.5
2.8	34.9
-2.33	41.5
-3.15	43.4
1.46	35.3
6.27	31.7
2.84	34.7
11.2	25.2
4.45	18.4
14.8	23.6
14.8	23.6
-25.8	43.6
26	-3.71
26	-3.72
-53.4	20.3
-68.4	-2.53
-4.73	8.65
7.33	-3.41
-47	-15.3
11.1	-5.21
42.4	-1.55
13.6	25.3
13.5	24.6
13.9	26
13.6	26.1
15.2	23.6
14.1	26.3
13.9	26.5
12.9	27.3
14.4	26.5
13.9	27
13.4	27.3
15.5	24.7
13.7	24.1
-31.4	45.8
-29.8	48.1
-31.4	48.4
-42.6	41
-29.9	47.9
-16.3	23.3
-3.33	24.5
-2.56	24.3
12.7	23.3
12.2	25.2
12.4	25.3
12.2	24.7
11.8	25.8
32.2	37.3
8.89	25.7
4.89	24.6
7.97	23.1
8.18	23.5
16.5	24.7
-29.5	49.5
48.6	21.1
-33.9	44.8
14	24.5
7.04	25.6
6.5	25.7
7.47	25
8.82	23.7
8.05	24.1
7.05	24.5
3.08	39.8
60.4	15.8
-4.6	50.5
-4.63	50.5
-4.42	50.6
1.88	40.6
3.05	39.5
2.86	39.5
3.02	39.8
3.11	39.3
-49.5	32.8
-12.6	54.6
-31.8	-9.14
-31.8	-9.14
-12.7	54.7
2.49	40.4
2.53	40.2
3.05	40.2
3.32	39.3
-10.2	49.9
2.98	55.3
-30.1	47.5
15.8	24.3
14.7	24.1
-3.27	25.1
-31.3	48.4
-29.9	48.1
-31.9	46.2
-6.69	49.9
-4.05	47.6
-4.32	50.3
-31.5	42.1
-4.87	24.7
-28.3	42.7
-28.2	42.5
-28.2	42.4
-25.1	37.4
-30.2	42.6
3.32	39.9
60.3	15.6
-31.8	-9.25
14.5	24.9
15.3	24.6
4.56	32.2
6.4	31.1
12	26.2
-29.9	45
15.5	23.9
-31	44.6
-24.7	37.4
35.6	-48.9
-35.9	42.2
-35.5	42.6
-34.3	43.9
-35.4	42.6
-34.9	43.3
4.44	21.2
8.86	24
15.9	21.6
9.48	20.6
10	26.6
8.49	30.5
-29.9	46.7
6.44	-4.73
-63.7	-6.99
-29.2	43.7
-29.5	46.6
-49.7	32.4
13.6	25.3
-31.4	45.8
-3.35	24.4
-33.7	43
8.82	23.7
8.05	24.1
8.1	24.3
8.49	30.5
7.47	25
15.5	23.9
35.6	-48.9
-12.1	55.8
-13.1	56.8
-16.7	22.1
35.5	13.1
-29.5	42.4
-29	41
-29.1	42.8
13.4	25.3
7.41	25
7.18	24.3
2.37	34.3
-12.4	14.9
-11.4	3.72
1.92	-2.36
-41	-5.9
19.1	-2.25
5.87	34.1
6.46	32.3
5.03	29
17	40.1
-29	42.2
-29.5	48.9
-30.4	46.4
-29.5	42.2
3.3	39.8
15.5	22
-31.8	-9.28
-34.3	43.1
-29.5	43.9
6.48	30.2
-41.7	-7.43
-29	44.9
-29.3	45.5
-31.5	44.7
-30	42.6
-30.5	43.2
15	21.7
13.7	20.3
14.3	20.9
14.3	21.1
14.4	21.3
-23.8	43
-27.2	42.3
-26.7	49.8
-24.9	44.5
-27.6	43.4
-23.1	31.2
-27.4	49
-27.1	48
5.02	60.2
-24.5	45.4
-23.4	43
-27	47.6
-26.4	42.6
-27.6	46
-26.5	40.4
-26.2	48.2
-27.2	49.1
-27.4	47
-41.3	23.7
-44	28
-41.9	22.1
-61.3	16.5
-26.5	49.4
-47.4	38.7
-60.1	16.4
-26.9	33.8
-26	48.5
4.54	62.5
-27	47.1
-22.9	31.2
4.76	61.8
-19.1	24
-29	48.4
-25.2	45.4
-23.8	43.2
-25.3	47.5
-40.6	23.8
-26.1	48.9
-26.7	49.5
-26.5	47.2
-26.4	49.2
-41.3	23.7
17.5	45.6
14.6	49.3
39.7	-8.3
69.8	27.4
66.1	20.3
13.7	38.2
6.21	-2.37
8.76	-3.22
62.4	8.76
67.6	20.6
48	24.7
44.1	26.5
14.2	38
16.8	43.9
17.2	44
-25.7	49.2
66.6	20.7
53.9	0.022
13.9	-2.42
71.9	24.6
-49.5	-15.1
-49.8	-14.9
-52.4	-16.2
38.8	-3.64
38.8	-3.64
38.7	-3.89
28.4	-5.15
30.4	-3.14
30.6	-3.31
38.4	-4.21
28.8	-4.59
28.2	-8.93
27.6	-8.89
5.44	-23.5
35.3	-8.74
35.3	-8.73
-5.35	10
-53.7	-20.7
5.08	-22.7
54.3	15.5
36.6	37.2
33.6	37.7
35.3	37
35.7	36.6
28.4	34.9
35.7	36.5
13.7	22.2
42.7	8.97
29.4	38.9
38	4.37
31.1	41.7
22.7	48.2
22.7	48.2
23.4	48
29.5	43.4
27.7	44.5
27.8	44.5
30	42.4
27.9	43.9
29.2	42.5
29.2	41.1
32.7	37.7
29.6	35.9
23.6	47
32.8	38.3
34.1	37.8
35.3	36.2
35.3	38.6
34.9	38.2
31.8	41.5
30.6	42.1
22.9	47.2
23.6	47.2
34	12.1
34.6	13.7
47.2	25.1
45.4	26.2
48.6	26.7
35	12.2
53.7	22.1
13.7	54.1
13.3	54.1
33.8	42.4
33.9	42.5
19.9	50.1
19.6	50.5
50.6	9.79
26.9	44.1
58.6	33.7
58.9	35.1
60.1	35.1
40.2	43.1
47.5	9.42
48.5	8.96
40.9	5.06
38.8	3.94
20.4	46.2
40.1	43.2
55.6	10.4
43.5	42.2
43.5	42.2
60.5	34.1
60.6	33.6
58	4
58.1	3.17
55.7	5.18
56.1	5.63
51.8	-1.76
56.2	4.58
58	33.3
60.9	30.9
60.6	32.2
57.6	35
57.6	35.1
59.6	5.7
61.8	34
61.5	33.9
58.3	32.4
58.2	32.6
30.8	43.1
60.2	4.95
60.5	5.41
60.3	34.3
61	32.2
55	39
58.5	34.2
54.1	39.7
50.3	1.76
57.9	32.2
60	6.17
56.8	37.4
59	33.2
56.7	37.5
59.8	33.5
56.8	37.5
55.6	39.1
55.2	36.9
54.8	38
59.2	34.6
54.1	38.3
58.4	36.9
56.1	36.7
55.7	38.8
56.1	37.6
-27.3	43.7
-27.3	42
-27	43.2
-27	42.9
51	2.75
48	3.56
-28	44.7
-27.3	42.5
47.2	4.06
47.2	3.92
-29.2	47.3
-28	44.8
51.9	2.84
35.7	37.5
35.6	37.5
45.4	8.71
41.3	8.71
-28.9	33.8
-46.2	9.58
-46.6	9.15
53.1	2.58
-27.8	44
-27.1	42.8
-38.3	10.6
-47.7	1.07
-35.4	9.26
-22.1	25.8
-50	2.48
59.9	3.58
59.4	3.09
58.9	1.88
56.9	5.07
56.9	4.66
49.5	4.11
60.3	4.77
60.2	4.64
38.9	42.8
40.5	43.4
49.7	3.63
58.9	7.84
58.5	6.72
55.3	10.2
35.5	9.95
35.3	9.78
59.3	33.8
35.4	19.7
56.7	37.5
27.8	20.5
28.3	44
28.1	44.5
29.4	44.3
60	5.3
24.1	46.9
20.1	49.3
26.9	45.1
36.3	36.5
49.1	8.26
11.5	54.9
49.7	8.72
29	42.4
47.7	7.04
43.6	29
35.1	20.1
-27.2	36.2
23.4	47.6
37.5	-7.78
9.43	25.5
3.99	25.2
5.76	25.7
9.75	25.3
4.44	25.2
9.75	25.3
-2.97	25.3
8.72	25.5
-2.77	25.2
-2.8	25.3
4.18	25.3
9.64	25.3
31.5	36.2
8.09	33.4
-9.23	52.6
31.7	34.8
-10.3	52.7
31.7	34.8
-10.3	52.6
-10.2	52.3
7.57	32.6
30.8	34.1
-10.8	51.6
31.2	35
7.46	32
-10.3	52.6
7.56	32.6
3.89	59.3
20.8	46.9
-11.8	52.6
29.7	33.7
30.5	32.9
7.25	31
31.4	34.9
-11.8	51.5
-10.7	52.4
7.44	32.6
30.9	34.8
-8.94	52.8
-10.8	51.5
17.6	46.8
17.9	47.1
30.4	33.5
7.28	31.3
-11.7	51.8
7.49	31.9
30.8	34.1
30.5	33.4
-11.9	52.3
31.3	35.4
7.96	32.9
-11.8	51.3
-9.74	52.1
7.25	31
31.6	35.3
7.96	32.9
30.4	32.7
-9.73	52.1
31	33.7
10.1	32.1
-31.7	46.7
12.8	26
-11.2	51.7
31.5	34.6
-10.7	52.4
11.4	18.6
30.4	32.5
7.27	30.6
-12.1	51
31.1	33.4
7.27	31.5
-11.3	52.1
-31.7	46.7
12.8	26
28.6	43.8
30.2	33.6
32	36.3
7.72	33.4
-9.14	52.1
31.4	34
7.02	32.1
-10.5	51.2
30.7	35
-9.96	51.8
29.2	34.3
-11.3	53.5
30.5	34.6
7.6	32.4
-10.4	51.7
31	35.4
-9.74	52.1
7.96	32.9
7.28	31.3
30.4	33.5
-11.7	51.8
29.5	33.2
12.1	22.1
-11.5	51.4
54.5	15.1
31.5	36.2
31.5	36.2
31.7	34.9
-25.3	45.8
12.7	21.6
7.25	31.6
-12.3	51.7
12.7	26.3
-10	51.9
12.8	26.3
12.9	26.3
31.2	34.2
19.8	46.9
19.8	46.8
31.1	35.5
13.1	26.8
31.8	35.8
13	26.8
31.7	35.8
12.8	26.2
30.2	33.6
30.7	34.8
49.8	0.429
50.1	1.06
-27.7	43.6
-45.7	-3
-42.9	41.2
-10.3	51.7
-96.9	9.53
-97	9.17
-44.9	-14.2
50	7.14
59.4	-0.177
-47.1	-13.9
-58.1	-8.69
-46.7	-13.2
7.86	-3.42
8.67	-4.52
55.6	-3.47
21.4	-0.555
12.5	-2.71
-74.1	0.493
-75.1	0.42
8.96	-2.95
33.2	10.6
-59.4	-8.96
-47	-13
-94.7	9.49
-93.2	9.67
-94.8	12.2
-96	13
-93.1	10.8
-94	9.87
-91.8	8.65
-93.4	10.6
-93.7	10.8
-94.7	8.55
-94.9	13
3.33	56.4
8.3	-3.4
-58.6	-8.84
6.25	58.9
-73.4	-0.323
-58.3	-9.26
-58.6	-8.83
8.07	-4.59
6.04	-2.04
58.9	-2.33
-75	0.429
-73.2	-0.234
18.9	1.66
-94.1	8.37
-93.6	12.7
-94.1	13.2
-94.4	12.5
-94.4	12.5
-91.7	8.97
-94.8	10.4
-94.3	8.78
-94.6	7.72
-93.8	12.2
-96.1	10.6
-96.8	9.57
-94.9	8.46
-95.1	12.6
-93.9	8.88
-76.1	1.38
-94.8	13.4
-93.4	11.4
-94.6	7.72
-57	-6.67
-93.6	7.96
-96.2	9.3
-94.1	10.4
-96.1	8.8
-94.1	13.2
-94.7	9.49
-94.7	9.49
-96.1	8.8
-96.2	9.67
-93.9	8.34
-94.7	9.49
-94.5	11.3
-94.6	7.72
-94.7	9.49
-94.5	11.3
-94.9	8.41
-93.6	7.96
-93.1	8.56
-96.2	9.45
-96.2	9.3
-94.6	7.72
-93.9	11.1
-94.6	7.72
-94.1	13.2
3.02	56
-94.7	9.49
-94.7	9.49
-94.4	10.7
7.72	67.6
-96.7	8.45
-96.7	8.45
-96.7	8.45
-96.7	8.45
-96.7	8.45
-94.6	7.72
5.81	55.8
-4.15	44.1
-4.12	44.1
-95.3	8.55
-95.8	8.38
3.3	56.1
3.46	55.6
4.42	55.7
4.53	56.2
4.6	55.7
-93.8	9.21
3.3	56.1
3.46	55.6
4.53	56.2
10.7	55.3
3.89	56.1
6.19	55.8
-75.1	1.1
-73.1	-0.16
-57.6	-9.42
9.61	56.6
9.48	55.4
9.48	55.4
18.9	1.68
41.2	-5.97
33.1	-8.68
-32.5	-21.2
0.512	-37.7
8.53	-3.37
-94.9	13
-93.2	11
-94.8	11.1
-93.9	11.1
-94.9	8.37
-93.2	9.67
-93.2	9.67
-94	9.87
-93.2	9.67
-93.2	9.67
-93.2	9.67
-94.1	10.4
-73.2	-0.405
-93.4	8.74
-93.5	8.75
-94	8.81
-93.8	7.55
-94	8.81
-93.1	8.04
-92.8	8.88
-93.3	8.74
-93.2	9.67
3.69	57.1
-94.7	9.49
-94.7	9.49
-75	1.07
-94	9.87
-94.9	10.3
-72.4	-0.98
6.15	59.4
15.6	1.91
66.9	11.6
-72.5	-0.331
-94	11.6
-90.3	7.71
-72.8	-0.713
-75.5	1.13
-93.5	11.6
11.8	-3.87
6.17	59.2
15.4	0.731
-45.8	-14.5
6.25	58.9
3.3	56.1
3.46	55.6
4.42	55.7
4.53	56.2
4.5	56.2
3.3	56.1
4.39	56.2
-96	10.9
-96.1	10.1
-94	9.87
-92.7	9.92
-93.6	12.7
-58.9	-8.73
-41.9	-8.18
21.9	-0.447
17.7	-3.58
-92.5	6.84
-46.3	-14
7.18	-60.6
0.502	40.5
-0.471	38.9
-0.124	40.9
0.343	39.6
0.982	39.4
-0.881	-27.7
-19.8	-26.2
-17.2	-32.8
-14.5	-33.8
-1.37	-27.2
24.9	-44.8
-8.98	-41.1
0.81	-42.8
7.92	-33.5
-30.8	-16.3
-41.4	-3.33
-54.1	-3.83
-53.9	-4.75
-27.9	-18.1
4.48	62.9
4.4	64
5.21	61.1
27	-42.7
9.26	-41.1
8.15	-43.3
8.02	-43.3
4.32	63.7
4.27	64.4
5.27	-31.9
-19.4	-27
-17.3	-43
-13.2	-35.7
0.91	-28.8
-2.42	-26.6
-20.3	-25.5
-20	-27.8
-15	-33.1
-2.29	-26.6
24.3	-47.1
-5.82	-54.2
3.39	-50.3
10.9	-35.8
25.5	-44
-13.4	-34.3
-3.53	-36.9
2.36	-29.4
-74.5	-0.481
-20.8	-19.9
-22.3	-20.6
-25	-23.1
-13.7	-19
-13.7	-19
15.7	-36.3
-20.2	-27.8
-10.1	-29
0.485	-27.8
8.73	-37.1
-17.3	-32.4
-12.8	-49.8
-5.32	-49.1
5.09	-31.6
21.7	-55.2
-4.89	-59.6
3.29	-55
11.7	-36.9
10.5	-36.4
-18.9	-26.4
-13.9	-33.1
0.619	-42.4
0.855	-28.6
24.7	-45.1
0.104	-39.6
11.6	-48.1
9.16	-34.2
-0.972	-28.5
-19.1	-26.4
-15.9	-32.8
1.89	-44.3
-1.22	-27.3
24.5	-46
-4.66	-39.7
3.97	-47.8
4.44	-30.9
-20.5	-19.7
-21.8	-20.2
-21.9	-20.5
-2.9	-26.1
11.8	-29.9
-2.18	-26.1
5.55	-24.5
-1.58	-28.5
-19.3	-26.5
-16.7	-32.7
-16.1	-44.4
-2.08	-26.8
24.3	-46.6
-9.52	-41.5
-1.68	-56.3
2.04	-29.6
3.37	-28.3
-22.1	-20.2
-24.4	-22.7
-11.5	-24.1
-3.19	-26.1
25.8	-43.4
-3.68	-32.9
-1.02	-32.1
4.15	-29.7
0.394	40.9
0.356	39.6
18.2	-67.5
-7.04	-34
24.5	-49
7.08	-44.4
4.46	63.2
4.56	62.6
22.5	-61
7.39	-53
24.5	-45.3
6.58	-36.6
-0.314	42.2
0.99	39.6
-15.2	-33
-19.8	-28.1
10.3	-53.1
-13.5	-35.4
4.41	63.5
4.42	63.1
15.3	-60.8
-11.3	-49.7
10.1	-43.6
-15.6	-33.2
0.146	41.3
1.2	41.1
-14	-33.9
-16.1	-51.1
4.38	64.8
3.34	65.4
-31.7	-18.2
-24.8	-22.5
17.3	-48.3
-3.31	-42.5
6.14	67.3
-1.72	-29.4
20.2	-47.9
-32.8	-24.2
-26.5	-45.2
-0.284	-71.1
-7.96	-68.9
5.61	67
10.2	-36.3
25.1	-44.6
2.91	-45
7.98	-68.8
10.3	-53.5
9.04	-68.5
4.03	-71
12	-72.3
18.4	-60.7
-25.5	-43.7
1.98	-71.4
15.5	-60.7
13.6	-43
-5.23	-53.5
24.5	-47.9
5.76	-53.6
-31.7	-16.9
-34.8	-22.6
3.34	65.4
4.46	65
27.8	-44.2
8.95	-41.1
6.83	-69.9
5.17	-82.7
5.25	66.8
5.91	67.2
26.2	-43.6
18.8	-36.9
11.1	-43.8
-1.9	-56.8
9.85	-36.9
-6.2	-48.6
24.3	-49.7
9.54	-59.1
25.3	-45.6
3.87	-49.2
-12.1	-36.3
12.2	-43.3
-2.02	-47.1
14	-43.1
-6.84	-42.6
-0.438	-33.6
-10.2	-39.5
5.05	-47.1
25.1	-45.6
3.87	-49.2
24.3	-49.7
9.53	-59.1
24.3	-49.7
9.54	-59.1
-55.4	-3.28
11.6	-30
5.27	57.4
9.28	-35.4
14.4	-61.6
41	-2.06
-27.6	-38.8
19.3	-56.6
10.8	-38.1
25	-42.9
2.01	-60.4
-27.5	-38.8
-12.8	12.4
-5.08	15.6
-8.17	19
-4.3	14.7
11.7	-45
-11.7	-59.4
0.915	-28.4
-12.4	-23.8
25.8	-44
15.5	-35.9
5.84	-30.6
-7.45	-43.6
-22.3	-47.7
24.9	-49.2
10.3	-0.755
15.2	4.47
9.76	-1.21
13.3	1.32
-2.73	-61.4
-19.6	-46.7
-24.1	-32.4
-24.4	-34.2
-19	-41.6
15.9	-41.7
-1.01	-53.9
-4.63	-48.4
-13.3	5.27
10.4	-35.5
15	-32.8
14.7	-33
-5.5	-63.6
-13	-57.9
11.5	-60.2
-3.72	-61.8
-34	-23.3
-4.92	-48.5
-6.13	-63.7
-22	-46.8
-4.15	-61.6
-11.7	-59.1
-16.3	-44.7
-22.4	-46.9
13.6	-69.1
19	-36.4
-33.5	-23.7
-20.9	-43.5
-2.77	-61.2
-11.3	-59.1
-16.1	-44.7
-22	-46.9
25.1	-57.3
13.8	-71.2
16.1	-57.2
0.268	-65.4
19.8	-63.3
0.744	-65.7
20.3	-62.9
19.5	-63.2
-2.47	-70.8
20.2	-62.5
-1.68	-70.6
20.5	-62.6
14.9	-56.5
0.752	-65.9
6.81	-47.2
-1.09	-55.5
21	-56
20	-61
5.03	-61.8
17.6	-59.1
0.113	-61.1
19.7	-60.6
19	-61.2
1.06	-61.5
20.1	-54.6
0.371	-66.2
21	-56.4
18.4	-58.2
21.3	-56.3
4.34	-62
20.7	-56.2
1.43	-60.8
4.29	64.7
20.2	-62.1
0.637	-68.8
12.9	-67.6
11.6	-44.7
-12	-59.5
-5.86	-48.9
7.65	-37.3
-22.2	-47.2
-21.4	-46.5
13	-43.3
3.9	-46.9
-54.3	-5.04
-54	-5.47
-54.3	-4.63
3.7	-38.6
-10.6	-34.9
26.7	-41.8
13.8	-48.6
11.8	-37.8
6.69	-48.3
24.7	-45.4
6.59	-48
-31.3	-17.6
-31.3	-16.7
-32.9	-20.8
5.82	-35.5
13.1	-33.4
2.77	-43.4
-5.83	-36
1.49	-29.2
-7.66	-40.5
-7.57	-43.8
24.9	-47.5
7.44	-49.6
21	-64
14	-66.9
-31.3	-16.5
-34.7	-22.6
8.97	-37
-5.37	-48.5
10.6	-52.5
1.81	-63
22.4	-61.5
10.1	-59.8
11.2	-44.4
-2.16	-57.5
24.7	-46.4
18	-55.7
24.5	-46.9
13.5	-66.7
26.6	-41.8
6.93	-39.3
-31.3	-16.4
-34.1	-22.9
25.9	-43.8
25.2	-45.3
14	-66.9
24.9	-47.5
14	-66.9
21	-64
7.71	-47.8
5.06	-45.4
24.9	-47.5
7.44	-49.6
24.9	-47.5
12.8	-38.5
7.44	-49.6
21	-64
14	-66.9
12	-39
1.02	-62.6
0.779	-28.5
-13.1	-34.9
15.1	-36.2
-2.17	-43.6
24.6	-49.9
10.2	-59.3
25.2	-45.7
5.74	-50
9.91	-36.7
3.31	-40.3
-0.46	-28.3
-11.3	-59.3
2.9	-60.6
2.45	-64.2
13.1	-56.7
3.49	-62.3
42.7	10.4
35.3	1.73
67.8	13.6
30.5	-8.64
28.5	-11.3
28.8	37.6
67.7	24
47.3	8.9
41.6	9.67
31.5	37.5
42.2	8.32
47.9	14.1
66.3	0.969
42.5	8.47
42.4	9.74
55.9	14.4
36.1	39.3
52.4	16.1
29	43.8
40.6	9.4
37.3	38.8
29.8	43.1
30.8	-6.74
33.1	38.5
35.4	37.2
54.7	17
22	-67.7
64.3	23.7
51.2	20.6
39.7	38.9
41.5	-0.973
48.7	4.21
29.9	40.9
29.2	39.6
65.3	8.42
45.2	7.68
57.5	-1.83
47.9	8.03
56.4	13.6
42	9.68
65.3	8.43
50.1	13.3
28.4	-6.41
29	41.6
16.8	-38
42.3	9.61
43.1	8.07
65.3	8.46
30.3	41.8
43	9.75
68.9	21.1
68.5	7.94
29.3	0.986
50.6	12.7
50	-1.17
27.2	44.5
36.5	39.1
27.9	44.5
34.3	37.3
27.4	44.9
31.2	41.4
-7.25	-71.9
-2.95	-51.6
-10.5	18.8
-9.38	20.8
63.4	-1.77
66	4.1
69.5	22
-12.7	17.1
69	21.1
4.3	53.1
27.3	-36.9
63.8	23.4
-18.8	12.7
51.5	12.3
20.9	3.59
-42.5	13.1
48.1	5.49
-44.4	14
58.9	13.9
-17.8	21.8
-18.1	22.5
-42.3	12.8
51.7	12.4
-43.6	14.3
-42.1	13.3
-39	8.77
-9.88	-20.2
54.4	15.4
65.4	8.4
63.3	-1.71
50.3	10.4
53.7	-3.27
16.5	-2.6
14.3	-1.66
36.5	11.8
30.4	3.64
48.8	7.21
48.5	22.6
10.7	24.8
5.96	31.4
3.92	33
53	37.5
34.3	42.8
63.6	23.7
61.1	18.5
47.9	14.5
8.89	-6.04
50.4	16.7
37.1	36.7
38.6	36.3
42.7	23.2
59	14.8
45.6	8.98
66.5	24
27.3	-36.9
42.5	11.7
40	6.16
39.6	5.21
69.4	23.4
51.3	12.5
34.2	12.9
54	13.8
67.5	6.19
34.7	11.8
8.63	31.4
50.7	12.6
60.8	0.858
60.5	-3.63
68.1	3.8
34.3	11.3
30.3	41.2
67.5	6.27
52.6	12.1
64.2	2.28
63.6	-1.28
56.3	-4.97
65.6	4.52
66.5	5.93
65.9	0.66
63.8	1.62
63.1	0.825
65.7	4.5
34.9	-52.6
55	-5.5
63.8	1.7
66.6	1.78
67.6	1.45
64.3	2.23
66.2	1.36
66.6	5.5
65.3	3.77
61.6	0.0659
65.5	6.38
62.1	-1.81
34.2	13.2
67.8	10.4
67.3	5.73
34	12.4
34.6	12.9
32.8	9.08
66.4	0.906
69.3	9.62
66.2	7.36
35	11.7
30.5	31.8
11.8	26.8
48.5	4.84
16.6	-2.3
38.2	9.87
67.5	13.6
60.5	-3.49
68.3	11.3
69.6	10.4
68.2	7.04
67.5	18.3
62.9	-2.78
18.1	4.51
67.5	18.3
62.9	-2.78
67.4	15.3
67.6	15.7
67.4	12.9
64.3	-2.28
67.4	12.9
67.8	15.3
67.7	15.1
67.9	12.9
67.8	15.2
67.6	12.6
67.5	12.9
63.9	0.979
64	0.757
54.2	-3.1
64.5	-1.82
58	-2.13
67.5	6.18
61.5	-2.67
46.2	6.39
61.7	-2.9
58.1	-4.45
67.5	6.11
60.3	-2.2
59.8	-1.22
29.2	15.1
69.9	10.3
64.4	-1.71
64.7	-1.35
33.6	12.4
30.4	31.4
17.5	2.16
49.9	12.5
68.6	7.78
63.4	-1.82
64.2	1.51
64.7	0.851
64	1.66
62.5	0.63
54.4	8.17
47.7	6.16
55.6	-4.98
17.5	2.16
63.3	0.317
61.4	-2.01
67.6	10.7
66.7	8.14
66	7.25
46.6	6.93
60.7	-2.64
61.4	-2.09
50.7	12.9
66.5	8.09
58.1	-4.36
66.1	7.33
68.2	11.3
58.5	18.1
48.1	19.8
67	8.71
40.5	7.87
50.6	13.4
38.9	7.39
69.1	6.39
60.3	19.8
60.1	16.7
28.1	42.6
57.1	17.4
63.8	23.4
65.3	1.5
64.4	3.44
34.6	40.6
65.1	20.2
67.6	10.4
60.8	20.3
65.1	20.1
41.5	7.44
58.2	18.6
68	7.03
42.5	-6.02
46	5.43
67.4	23.3
62.1	-1.87
49.2	12.8
58.1	-4.36
66.1	7.3
67.7	10.3
37.7	39.2
67.1	9.35
61.3	19.1
61.8	15.6
57.5	18.3
59	15.7
69	8.85
62.1	20.6
45.6	7.32
39.9	-2.51
57.4	18.6
62.7	0.157
58.5	18
67.3	9.65
61.9	-1.03
54.4	13.9
66.2	10.2
57.7	14.9
60.8	20.1
37.6	40.2
34.7	42
69.8	22.4
34.3	42.1
37.9	40.1
69.7	23.9
69.7	23.9
69.4	24.3
69.2	23.8
66.7	8.65
50.7	17.9
67.2	7.16
68.8	23.5
67.7	22.8
67.6	16.6
48.5	22.3
67.8	16.5
65.3	3.8
66.2	11.4
67.5	15.1
67.1	10.8
63.2	20
67.4	9.26
67.8	6.81
68.4	7.7
66.7	8.13
69.4	9.56
47.1	6.77
65.4	3.23
63.5	19.1
68.1	11.3
55.5	15.4
54.6	15.1
59.6	18.7
69.8	10.2
-34.7	10.7
29.4	36
66.8	15.5
67.4	19.3
67.8	18
65.3	11.6
67.6	7.67
68	12.7
65.3	5.35
66.9	8.62
67.6	19.8
67.8	11.3
67.5	17.6
67.2	17.6
66.4	13.5
67.1	17.7
66.4	13.9
67.4	17.6
67.2	17.6
65	10.2
67.2	17.6
70.3	23.1
70.3	23.1
70.1	10.7
17.2	-4.12
68.1	5.23
68.5	5.64
69.9	9.08
67.8	5.04
68.7	5.96
70.1	9.97
69.7	7.93
-45.2	14.3
32.1	39.6
62	-2.71
62.1	-2.87
62.6	-2.59
28.9	44.9
18.7	4.25
64.8	7.29
66.1	9.83
59.7	-4.45
17.3	2.64
65.7	9.1
67.7	13.6
56.4	18.1
29	43.1
-4.9	22.3
37.2	36.5
66.6	6.06
54.1	14.6
48.9	7.25
-43.4	12.9
-42.8	13.9
-43.6	12.3
-27.2	36.2
53.2	29.6
52.3	37.3
52.3	21.9
59.6	18.7
45.6	7.24
60.8	20.3
37.8	39.4
55.2	14.1
-43	15.3
63.9	23.4
17.5	19.9
28.9	3.27
27.9	43.8
37.1	36.5
48.9	10.6
29.8	42.1
27.7	38.8
-63.4	13.2
-58.8	-0.396
-58.8	-0.427
68.4	24.2
62.2	15.3
52.4	12.9
31.4	19.2
35.4	12
42.3	-1.24
67.5	2.87
62.6	-0.93
62.6	0.544
66.6	6.06
63.7	1.71
70.1	22.7
67.4	12.9
66.9	12.9
64.1	-2.37
5.65	-24.4
-16.8	-22
-8.19	-22
-7.93	-23.7
-46.4	-13.4
-23.5	-25.9
-21.1	-22.5
-11.7	13.3
-9.98	-24.1
-6.07	11.1
-30	-26.6
4.76	64.6
-25.5	-19.5
-29.3	-28.1
15.9	-72.3
24.7	-8.74
-55.4	-4.63
22.8	-6.29
-18.1	-20.3
-23.6	-21.4
-22.3	-16.6
-7.11	12.7
-8.64	16.8
-8.99	-24.1
6.41	-33.6
16.4	-68.4
10.7	-34.4
-14.3	-25.7
-6.67	-23.3
-21.3	-49.6
-15.5	28.8
21.5	-5.66
-26.8	-20.8
-24.1	-24.9
-22.4	-17.1
5.86	-42.5
4.82	65.4
5.39	66.8
-22.4	-18.3
19.2	-64.6
4.03	-36.7
-23.8	-16.5
25.2	-43.7
-22.6	-17
-8.79	8.23
15.6	-48.4
-10.8	37.7
5.27	57.4
6.23	57.4
19.1	-36.1
-66.9	3.71
-13.4	11.7
-24.2	-20.2
13.9	-45.4
-16.9	-21.4
-11.5	-14.6
-19	-20.9
-24.5	-22.2
-30.3	-18.6
-2.06	-32.9
12.5	-5.01
-19.1	-36.5
-28.6	-25.6
-2.6	-65.1
-33.1	-22.9
-31.1	-23.2
10.2	-6.01
-22.9	-22.4
-23.5	-18.5
-13.2	-13.2
-25.2	-19.6
-28	-18.6
25.4	-43.4
13.6	-71.6
21.1	-64.8
12.3	-37.8
10.3	-5.46
3.95	-29.4
-28.1	-23.4
-10.6	-22.6
11.7	-33.8
-29.5	-28.7
-23.2	-17.7
-0.254	-35.6
26.6	-40.4
0.653	-36.8
-23	-17.5
4.82	65
-28	-26
16.9	-71.8
20.6	-67.9
-21.2	-51.6
0.728	-50.2
20.7	-66.2
20.5	-66.5
19.4	-68
20.8	-66.3
26.8	-52.3
19.7	-6.61
-8.28	15
-8.26	15.3
-9.11	11.8
-9.62	12.6
-27	-22
-7.76	-47.2
-21.3	-51.4
-13.2	-47.5
-31.8	-22.9
-30.4	-23.2
10.6	-6.76
-27.2	-34.2
-27	-34.1
-27.7	-45.3
-26.8	-33.4
-25.6	-42
-22.8	-18.4
-22.6	-19
21.1	-67.3
-25.9	-19.2
-24.5	-20.5
-23.5	-17.5
38.5	-6.69
1.16	-34.9
-12.7	18
26.6	-40.4
1.04	-35.6
-22.8	-17
17.3	-71.7
19.5	-68.7
18.7	-67.1
-9.61	21.4
-4.5	15.6
-6.68	15
-5.92	15.5
20.3	-67.5
19.9	-68.3
17.6	-71.4
21.2	-66.7
17.4	-72
16.2	-73.1
16.7	-72.6
16.8	-71.8
-25	-33.4
3.97	-66.8
3.85	-66.8
9.43	-45.3
-11.2	20.4
15.9	3.47
23.6	15.7
16.1	3.68
13.8	3.01
15.9	3.57
15	2.24
-45.7	-15.7
11.9	0.291
8.27	-0.98
6.27	-1.51
30.3	-2.94
-18.8	-33.6
35.5	-9.24
-21.2	-17.5
-8.21	-29
-23.3	-21.9
3.87	-25.7
-26.5	-21.4
4.68	64.5
-7.29	-22.7
-50	17.9
26.6	-7.94
-10.9	-23.4
-22.2	-17.6
-24.8	-26.6
-4.78	39.7
-8.67	-27
-13.9	13.8
-67.6	3.06
-21.8	-19
5.53	-32.5
3.87	-28.8
25.3	-41.3
-33.3	-22.4
10.1	-42.7
-6.72	10.8
10.1	-42.7
7.28	-1.84
-16.7	-22
20.8	-68
42.5	0.36
9.43	-2.07
14.9	-32.7
4.29	-21.4
-25.2	-19.2
-1.1	-74.8
-13.2	22.1
-8.72	14.6
-27.4	-21
4.81	64.8
60.9	-5.79
25.6	-42.8
-23.9	-20.3
-10.9	15.2
-11.1	15.1
9.71	53.8
-11.4	13.9
-33.1	-21.5
-32.2	-21.6
14.4	-40.4
-24.8	-20.5
-26.2	-19.1
-2.62	-40.7
-10.6	15.1
-15.5	20.8
19.9	-67.9
-11.4	14.2
-11.7	14.3
-11.8	14.8
-1.09	-28.3
-17.3	-32.9
-31	-21
-29.7	-27.4
-29.6	-27.4
-26	-23.8
-11.2	16
-25	-41.9
-40.7	31.5
-12.3	68.4
-7.92	64.4
-6.83	60.8
-10.5	68.4
-11.1	69
-11.1	69.2
-11.1	69
-7.21	65.8
-3.16	63
-4.97	62.8
-8.84	60.5
-11.1	69
-7.22	65.1
-6.92	60.4
-5.83	56.6
-5.93	64.4
-10.1	68.6
-7.62	64.6
-6.81	60.5
-31.6	21.4
-3.52	63.3
-4.96	62.8
-8.58	59.8
-51.5	31.5
-31.7	21.5
-7.8	64.6
-7.82	65.4
-6.08	61.1
-9.54	69.1
-7.92	66.1
-11.5	68.3
-8	65.7
-49.4	26.3
-8.49	59.7
-9.87	68.5
-11.1	69
-6.6	56.8
-7	58.7
-9.09	65.4
-5.99	64.4
-32.3	13.5
-9.6	69
-6.55	60.2
-7.06	60.7
-7.03	61.1
-5.74	62.1
-6.95	65.8
-25.7	51.1
-8.69	59.5
-35.1	19.3
-10.6	66.1
-2.68	63.2
-45.2	40.5
-44	39.4
-9.67	64.9
-9.43	65.9
-31.9	13.4
51.9	7.02
-23.5	23
32.1	17.7
-23.5	23.1
-21.3	29
-45	-3.21
59.4	13.1
-23.6	42.2
30.8	19.3
-24.8	42.7
40.3	28
-2.88	63.1
20.5	47
40.3	28
-11.4	67.7
-46.1	27.5
40.2	-1.61
-6.45	52.9
24.9	39.1
-28.3	31.9
-7.74	56.2
25.3	38.9
-7.84	55.1
-8.05	56.6
25.2	39.1
-7.81	65.8
-27.6	37.2
35	12.1
-44.4	26.4
40.8	-0.63
-35.8	19.9
-45.3	26.3
-45.5	26.8
-46.8	-3.79
-44.3	25.4
-31.9	12.6
-45.3	-5.94
51.9	7.02
52.1	7.09
52.1	7.09
59.4	13.1
30.7	19.4
-44.5	-4.89
40.3	28
-11.4	67.6
40.2	-1.61
35	12.2
40.8	-0.63
-9.99	66.1
-34.3	19
-6.1	57.3
-8.87	59.9
-45.3	25
-39.5	7.6
-3	63.1
-9.64	64.4
-11.5	68.3
-8.68	63.2
-10.5	65.3
-10.5	65.3
-10.5	65.5
-49.8	25.2
-48.7	24.9
-21.8	29.1
-3.65	61.3
-32.8	25.1
-46.2	36.5
41.9	-3.4
-9.23	65.4
41.9	-3.35
-32.2	14.6
-18.4	66.1
-39.5	7.36
-25.5	50.8
41.1	-0.301
41.1	-0.23
-9.91	66.9
-32.7	17
-13.1	47.1
-9.51	64.6
-9.17	65.4
-8.65	59.4
-8.92	60.3
-8.93	60.3
-4.24	61.7
-8.64	59.4
-9.75	63.2
-44.4	1.87
-10.5	64.6
-11.4	65.2
-6.58	60.4
-36	20.1
-5.9	61.6
-6.63	60.4
-45.2	-6.15
-45.4	-6.06
-8.59	66
-30.9	21.6
-12.1	64.8
-9.14	64
-9.92	68.1
-6.04	65.2
-45.1	5.81
-45.8	28.1
-48.7	25
-44.3	3.32
-44.3	3.67
-46.3	41.3
-45	26.3
-44	39.4
-53.5	-13.9
-6.69	60.6
-5.88	56.8
-6.7	62.3
-31.3	22.2
-44.5	19.8
-10.8	68
-44.2	21.7
-45.1	21.3
-28.5	-36.7
-40.5	21
-46.5	29.5
-6.49	60.1
-7.71	56.2
-28.6	31.8
-28.2	32.4
-43.5	25.9
-7.9	56.6
-21.3	29.2
-21.4	29
-21.5	29
-46.6	29.5
-45.2	27.3
-42.9	7.28
-31.3	21.2
-44.3	19
-46.1	-5.33
-6.59	60.2
-30.3	21.9
-8.68	67.6
-6.32	65
-12.5	65.4
-6.99	58.6
-9.44	64.6
-21.8	28.8
-11.7	66.3
-27.6	34.6
-12.8	65.2
-9.76	64.5
-5.02	62.4
-11.9	65.3
-5.24	63.8
-3.12	50.2
4.67	58.9
6.11	56.8
6.03	58.6
5.75	55.5
5.37	53.9
-13.1	46.7
49.4	17
49.3	17
-8.9	60.1
-6.73	62
-42.7	5.55
-11.6	65.2
-50.8	-14.4
-30.9	21.2
-6.7	62.7
-6.71	57.3
-45	1.64
-28	34.4
-11	69
-8.35	65
-6.54	57.1
-47.2	20.4
-46.7	18.7
-41	0.109
-46.7	20.3
-51.2	-14.2
-51.6	-14.3
-26.9	44.4
29.2	22.1
28.7	22.3
-24.3	44
28.7	21.5
28.7	21.7
-13.2	52.8
4.34	60.9
-9.26	65.1
-9.39	65.4
-6.7	62.3
-8.91	60
-31.9	18.9
-29.8	18.7
-41.7	13.7
-46.6	-7.94
-46.5	20.8
-9.61	65
-9.42	65.4
-22.5	28.4
-8.38	65
-10.7	65.7
-46.2	19.2
-11.9	65.7
-28.1	15.5
-6.68	62.7
-6.69	62.6
-21.7	28.1
-42.5	5.89
-45.8	20.8
-42.3	5.63
-29.5	19.3
-29.7	20.9
-29.7	18.8
-30.1	18.1
-30.9	21.5
-30.9	21.2
-31.1	21.5
-44.7	3.61
-50.1	24.3
-28.1	34.2
-44.6	3.66
-31.3	21.1
-29.7	32.5
-7.16	60
-23.3	28.9
-22.9	28.7
-9.08	64.1
-28.5	33.7
-45.6	29
-28.9	32.6
-27.8	34
-8.18	66.3
-50.6	-11.5
-51	-11.8
-46.1	20.9
-46.4	21
-41.7	14.1
-26.1	45.3
-28.8	18
-12.1	64.9
-7	59.4
-8.01	64.4
-43.3	30.5
-41.3	5.81
-28.8	18
-30.1	18.4
-29.9	18.7
-30.1	19
-30.6	18.8
-46	19.7
-44.6	2.45
-22.6	28.1
-18.4	66.1
-41	13.2
-25.6	47
-26.7	31.8
-23.4	29.6
-9.4	63.1
-29.8	21.6
-12.1	64.9
-12.1	64.9
-12.7	65.5
-46	25.1
-22.5	28.3
-22.5	28.4
-7.95	55.2
-47.5	-2.39
-23.3	29.3
-53.5	-13.3
-43.9	6.09
-47.6	23.7
-28.9	33.3
-29.2	33.1
-28.1	32.3
-47.6	20.8
-47.2	19.2
-49.7	24.9
-49.9	23.8
-50.4	24.2
-29.2	33.1
-31.3	21.1
-46.4	19.9
-46.3	-4.77
-48	-8.71
-47.1	-7.54
-46.2	19.5
-43	7.37
-28.2	34.9
-28.4	35
-28.4	35
-41.5	14.5
-43.1	7.11
-43.2	7.98
-46	25.3
49.8	44.2
49.8	44.2
59.9	10.2
61.1	11.4
60.5	9.58
60.1	8.81
58.6	5.13
58.5	5.23
-49.9	-9.73
60	0.22
4.13	-6.01
59.9	8.39
59.7	-0.7
62.1	11.3
62.5	12.9
62.5	11.7
16.5	-3.05
62.4	11.5
64.1	12.9
58.6	4.71
32	42.6
33.3	43.1
33.7	42.9
32.9	41.9
34.9	40.6
33.8	40.2
32.7	39.7
32.5	39.7
31.9	39.6
5.42	53.6
23.7	48.4
0.769	35.4
32.5	39.3
30.8	39.8
31.6	39.7
34.3	40.5
26.1	-17.6
26.1	-17.8
29.9	-0.198
50	1.03
-48.5	-5.63
47	19
58.9	22.4
-37.8	-7.48
51.1	0.0371
46.1	10.9
58.9	9.31
57	0.877
56.6	10.4
59.7	11.2
57.3	1.14
52	5.33
45.2	29.4
49.1	1.07
61.3	36.4
56.8	33.4
50.3	5.5
35	40.6
38.1	40.4
55	4.34
55.2	3.04
25.4	3.14
36.9	40.1
55.3	6.89
57.9	13.9
56.4	11.3
56.4	6.05
55.8	1.87
54.7	-1.79
55.6	1.21
53.8	2.19
60.4	12.9
-51	-16.9
18.4	0.374
14.2	-1.33
51.4	40.2
44.8	17.6
-16.3	-7.92
52	-2.69
-15.8	-8.65
41.1	11.5
53.3	4.12
58.7	11
53.9	4.43
54.4	0.17
54.6	-4.11
-5.12	4.67
29.2	11.2
59.2	18.4
57.2	15.2
58	15.4
58.2	8.48
57.3	3.94
55.9	-1.05
58	18.7
55.5	16
55.9	8.54
56.2	4.33
55	3.75
54.8	31.6
54.1	2.22
40.6	41.5
37.1	42
60	37.2
60.9	37.2
60.9	36.1
60.4	36.3
61.2	36.5
61.4	35.1
60.1	35.9
57.6	31.2
60.4	35.4
59.7	34.5
23.2	6.93
59.7	35.2
59.5	36.1
49.5	16.6
57.6	32
57.6	5.78
56.1	6.13
60.3	14.3
56.7	2.9
58.2	7.77
36.1	37.1
51.2	40.6
44.5	16.4
52.1	39.7
50.2	0.253
54.4	10.2
55.5	39.4
-15.8	-6.17
53.2	39.3
36	21
54.3	35.9
62.3	36.9
62.9	35.9
62.8	36.2
26.4	24.6
54	30.8
62.1	36.3
63.6	21
-50.7	-17.3
55.3	38.9
-16.6	-2.13
46.9	18.2
54.9	39
-22.5	-1.07
33.4	41.3
56.2	12.3
43	41.9
52	6.23
26.1	45.7
62.6	35.4
61.5	35.2
34.1	43
44.9	18
56.4	16.1
38.4	40.4
28	15.3
28.7	17.7
17.4	0.0261
52.6	34.3
52.5	34.2
52.4	34.4
53	34.1
51.8	34.3
55.4	36.2
58.7	36.8
58.6	36.4
27.6	22.1
27.6	22.1
-25.3	40.1
23.5	7.18
59.5	36.7
26.3	24.6
59.5	35.8
42	39.4
40.5	41.7
39.7	42.6
59.3	35.6
59.5	30.8
48.2	38.4
14	-3.56
56.9	8.96
29.8	5.43
40.5	42.3
38.7	41.8
57.1	16.4
57.7	19.2
56.9	15.9
58	16
57.1	8.76
56.7	4.06
55.6	-1.53
56.7	3.91
-37.2	-2.67
25.1	-4.24
-9.94	1.15
47.4	5.06
28	0.396
54.8	40
57.1	8.94
58.9	9.4
65.7	17.8
60.3	11.1
62.4	12.8
60.2	8.45
58.4	2.8
55.9	-1.78
1.61	-4.71
21.6	0.498
22.5	-0.677
60.6	7.5
32.5	40.7
-17.7	-11.3
23.6	5.25
56.5	36.3
58.5	22.5
58.1	9.84
58.1	10.5
56.7	2.2
53.9	1.33
56.6	1.25
57.5	11.1
16.1	-4.76
57.8	10.9
35.4	42.6
27.2	3.93
27.2	3.89
57	15.7
37.3	40.5
35.7	40.3
57.1	6.21
55.9	1.41
55	-1.63
41	2.55
43.5	22.8
27.2	2.83
-37.2	-3.03
27	1.72
1.43	-3.32
51	-1.74
24.3	-0.145
54	5.86
56	37.7
54.8	10.3
-16.5	-8.33
-16.5	-8.41
-17.7	-11
53.8	1.46
46.7	18.3
55.9	0.799
50.9	0.427
30.9	20.4
25.7	20.9
24.9	17.2
25.2	21.2
54.4	28
53.3	1.5
21.9	0.76
50.1	5.75
53.9	36.3
51.3	1.08
59.4	36.9
51.7	2.48
51.4	1.32
48.8	1.45
-14.5	-7.51
53.4	1.33
57.5	19.1
16.4	-1.78
56	34.7
61.2	13.6
56.9	4.62
56.8	0.755
53.2	-1.99
58	9.91
28.2	45.3
60.4	14.1
55.5	1.99
55.7	4.43
58.2	2.93
55.6	1.88
36.6	42.4
58.5	34.8
60.9	33
60.2	-0.14
34.7	40.9
59.8	37.7
60.2	30.7
58.2	32
56.8	36
23.1	6.66
60.6	33.4
58.4	7.18
58	7.37
57.6	6.62
57.7	6.73
54.3	-5.33
-15.7	-8.44
22.6	-2.33
-9.93	1.14
-51.8	-17
44	16.4
27.8	1.45
61	31.9
55.9	36.7
57.4	8.56
58.2	8.86
53.6	35
61	7.31
60.9	5.12
40.1	42.6
61.3	7.75
56.1	7.83
60.6	10.7
59.6	7.37
57.3	11.4
58.9	33.3
35.4	20.2
53.7	39.5
-19.2	-10.9
8	-7.08
54.1	-5.02
53.9	39.8
57.5	19.3
52	18.6
57.9	35.7
59.1	8.21
59.5	8.67
59	8.46
59.5	8.75
58.4	7.27
16.7	33.3
61.8	6.56
61.3	7.71
57.6	33.9
60.7	3.92
36.3	19.5
63.2	8.97
54	39.3
58.6	31.3
59	31.9
35.2	19.9
46.7	18.3
-70.4	2.58
-29.8	-21.3
17	-56.3
-6.8	-39.8
-90.6	7.74
-68	2.35
-72.5	1.15
-72.1	1.61
-16.2	-39.8
-24.2	-46.9
15.6	-59.1
-7.44	-66.6
1.48	-48.7
-9.32	-62.2
18.4	-61.8
-0.988	-66.3
-0.753	-42.4
-16.2	-50.1
20.2	-59.7
-2.27	-63.5
-1.48	-43.2
-10.9	-33.4
-18.1	-47.7
-19	-46.4
15.6	-53.8
-4.53	-36.1
-10.8	-57.2
-10.4	-57.5
-0.827	-44.9
-21.9	-42
-20.9	-49.7
-19.9	-38.1
16.4	-54.8
-14.7	-55.6
-13.7	-58.8
-7.75	-42.5
4.9	-48.7
-21.9	-43
-7.97	-51.2
-15	-46.6
17.6	-56.3
-14.2	-56.8
-3.6	-54.6
-5.51	-52.4
-0.19	-44.9
-22	-41.8
-14.2	-46.5
-18.5	-45.6
16.6	-54.9
-14.4	-56.2
-4.61	-52.5
-9.76	-56.3
5.06	-49.2
-8.47	-67
-14.2	-59.8
-15.8	-47.6
17.8	-57.1
-4.86	-68.8
-4.62	-71.6
-9.19	-55.1
18.1	-64.7
2.93	-65.2
5.08	-55.3
-7.36	-52.2
-7.97	-55.3
-6.17	-53.5
16.8	-61.9
-0.131	-57.7
-0.47	-58.4
-0.224	-56.7
-9.7	-33.4
-24.7	-35.2
13.5	-49
-15.4	-46.5
-0.437	-42.2
-16.4	-49.5
-27.9	-32.2
19.9	-59
-6.6	-62.1
-15.4	-50.5
2.12	-41.3
-21.7	-37.8
-21.3	-40.3
-21.4	-36
16.5	-51.2
-15.5	-46.7
-15.2	-46.9
-16.8	-48.1
-16.9	-22.9
-33.6	-24.2
-8.75	-54.5
14.9	-58.9
16.2	-70
13.9	-53.5
20	-6.16
10.6	-6.47
9.95	-4.73
14.7	1.49
4.44	-20.1
24.1	-44.1
14.3	-42.1
-73	1.46
8.62	-74.7
8.62	-75.6
-91.6	7.72
5.02	66.1
4.83	65.5
26.2	-50.2
26	-49.1
-16.9	23.2
-8.61	-55.9
-7.07	-67.7
18.3	-69.7
0.445	-69.6
11.9	-33.2
-14.5	-55.9
-8.2	-34.7
-16.4	-28
-31.4	-19.8
-30.2	-19.8
-51.4	14.4
18.4	-63.6
-3.54	-68.3
27.1	-7.78
14.5	-48.1
-2.45	-66.7
22.7	-58.6
15.4	-51.5
-15.3	-50.5
-5.95	-70
-5.81	-46.9
-23.5	-21.4
17.1	-69.3
-15.9	-38.5
7.69	-58.2
4.73	-55.5
3.32	-36.6
0.915	-59.2
-3.11	-43.6
-75.4	1.7
-71.1	1.24
-70.7	2.42
-24.4	-36.2
-0.68	-59.4
-19.9	-35.5
-19.1	-24.1
-7.92	-21.1
-46	-13.1
-46.2	-12.8
-13.7	-59.3
-14.2	-56.3
-22	-42.4
-21.1	-49.4
-21.9	-42.3
-2.59	-68.9
4.32	-57.4
-0.421	-62.7
14.2	-50.6
3.9	-52.8
-6.27	-66.6
-8.28	-40.8
-16.1	-46.6
-15.4	-47.5
-5.35	-29.5
-22.8	-26.2
-6.62	-39.7
-12.2	-31.5
-20.9	-44.7
-23.7	-38.4
-18.2	-42.3
13.2	-54.7
-4.53	-34.7
-12.7	-56.6
-14.7	-50
-11.1	-48.5
0.157	-43.3
-21.8	-37.5
-31	-25.2
16.2	-52.7
-20.7	-41.5
-16.2	-48.3
14.9	-65.4
-2.55	-68.7
-2.52	-68.8
-4.47	-69.1
15.3	-66.2
-2	-69
-1.94	-69.2
-3.25	-69.8
17.5	-63.8
-15.1	-28.6
-25.4	-35.9
-6.16	-67.5
2.67	-65
-4.48	-68.5
4.32	-52.1
17	-59
3.78	-47.6
-16	-46.8
15.5	-53.4
-10.2	-54.3
1.49	-69.5
-19.9	-43.4
16.2	-69.7
-7.31	-34.2
17.3	6.16
17.2	5.71
17.3	6.05
17.2	5.69
14.5	1.83
15.4	3.7
17.1	5.45
-2.4	-70.5
-4.13	-69.7
-49.7	31.1
-52.8	21
-52.8	21
11.8	-33
-96.1	7.3
16.6	-64.9
21.8	-63.7
19.5	-57.5
14.1	-68
14.7	-68
16.7	-64.2
20.9	-60.7
21	-61.2
12.5	-69.4
5.67	-66
-0.294	-69.8
12.9	-72.7
15.1	-58.3
13.9	-70.7
14.7	-69.4
15.3	-68.8
15.6	-54.5
13.5	-73.2
13.8	-73
14	-72.3
22.2	-63.5
21.9	-63.7
21.8	-61.7
23.2	-60.6
22.4	-56.9
15.1	-66.7
15	-66.1
15	-67.2
14.3	-70.9
-67.2	3.46
-67.6	2.96
21	-6.39
0.109	-69.2
13.9	-72.2
13.8	-69.8
1.97	-61.2
-7.12	-57
-8.53	-55.3
21	-61.1
12	-51.3
-11.7	-33.7
2.61	-46.7
14.8	-68.5
4.58	-51.7
4.62	-51.2
4.28	-51.3
3.29	-58.7
-2.39	-42.9
0.227	-62.5
13.8	-70.3
14.3	-69.1
2.12	-46.6
-11.3	-35
2.13	-62.4
16.7	-64.2
20.9	-60.7
-4.02	-63.6
-6.96	-57.6
-3.56	-67.7
13.4	-73.1
12.3	-72.7
13.7	-73
-2.15	-63.8
13.6	-68.9
14.1	-68.5
13.2	-68.5
14.3	-67.9
-6.69	-62.3
-1.6	-62.4
-2.67	-67.2
13.9	-68.1
-1.54	-62.7
-29.1	-22.2
-67.8	2.68
13.2	-73.1
14.5	-71.5
-16.1	-48.2
19.6	-59.3
-2.84	-70.3
15.2	-68.1
-0.603	-59.3
-5.13	-68.8
14.3	-71.1
13.1	-73.1
4.89	-49.9
-20.9	-42.5
-1.75	-62.7
5.07	-54.5
20.2	-55.3
17.7	-60.1
1.58	-59.7
2.06	-63.3
17.7	-60
2.13	-59.6
19.2	-62.4
-4.69	-31.7
23.8	-47.9
-31.5	-22.5
-25.2	-36.4
-5.35	-63.7
-30.7	-22.7
-25.5	-35.8
-5.26	-63.7
7.71	-35.9
-14	-30.2
15.9	-65.1
-2.87	-67.7
-2.47	-68.3
-7.62	-66.8
-14.2	-59.9
-7.53	-67.3
-7.25	-65
2.7	-58.8
-7.09	-64.6
-23.7	-48.2
-22	-48.4
-24.3	-47
-31.9	-21.3
-1.19	-71.1
43.7	24.4
16.3	36.7
16.2	36.5
26.9	-37.5
27	-52.9
34.9	3.56
35.4	3.62
43.6	30.6
43.7	30.4
41.8	34
42.8	31.4
45.6	30.8
43.5	32.2
42.4	31.3
43.1	31.6
39.6	32.1
24.7	40.9
47.4	34.7
48.5	31.7
47.7	14.1
65.1	23.5
63.4	22.9
47.9	31.7
47.9	31.7
33.5	-12.6
33.1	-12.3
38.8	-0.894
33.9	-2.13
33.9	-6.74
31.3	-11
33.6	-10.8
46.2	30.3
51.8	24.4
35.8	3.43
37.5	-18
37.5	-18
29.5	-12.7
29.5	-12
49	23.2
46.2	27.1
46.4	26.9
49.9	26.4
48.5	26
51.7	27.3
46.7	25.9
47.1	26.2
42.6	21.2
43	20.6
44.2	30.4
45.1	29.9
53.6	22.3
53.5	22.4
17.9	48.6
17	50
37.3	-14.9
36.5	3.06
46.4	35.3
44.2	33.5
44.3	34.7
43.4	34.7
44.5	33.8
43.3	35.8
22.7	40.9
19.6	45.7
46	35.3
45	35
44.7	33.1
44.1	33
37.4	8.27
35	-6.7
29.9	20.7
45.5	21.1
68.2	28.1
48.4	30.1
48.5	29.3
43.7	36.6
48.6	29
43.2	33.3
41.6	34.5
20.2	45.7
21	45.8
42.4	28.2
41.9	34.3
43.1	27.2
44.6	23.8
11.1	56.3
10.4	55.9
13	54.2
14.1	54
11.9	54.9
10.4	55.7
19.1	-3.68
48	32.2
48.8	31.8
47.9	32.1
49.2	31.1
40.9	-6.19
47	14.1
48.2	26.4
47.9	26.5
24.6	44.8
19.4	49.1
19.4	49.1
45.3	30.7
52.6	23.8
51.1	25.3
18.7	47.1
37.3	7.9
19.5	45.5
39	29.8
24.6	42.9
17	44.6
16.7	49.5
14.8	50.5
13.1	51.9
18.3	49.6
36.3	-2.02
34.9	-1.8
39.8	2.81
39.9	2.41
38.9	2.25
37.4	1.12
40.6	2.65
36.2	-0.28
36.5	-1.04
35.6	-2.21
35.4	-1.5
27.1	-6.03
38.2	1.15
18.5	50.4
38.6	28.1
38.6	28.1
32.2	-21.7
32.6	-20.4
36.3	31.6
35.3	32.5
41.2	26.4
42.1	25.2
42	28.6
42.2	26.7
17.7	49.3
21.4	46.8
54.4	24.7
54.2	24.8
14.3	51.7
17.2	48.8
53.2	23.2
59.5	20.5
32	-23.5
32	-23.6
40.4	30.8
4.32	23
45.4	2.15
55.7	24.4
55.8	24.4
53.3	23.9
49.5	9.58
15.9	47.8
16.2	47.8
41.2	26.5
42.5	24.9
39.9	-1.42
54.3	22.5
-26.2	8.16
17.1	45.1
17.1	44.8
13.9	50.6
12.1	54.2
17.7	48.3
11.3	54.1
-19.1	24
42.5	-5.32
48.1	13.5
28.3	-53.2
50.5	35.6
50.6	35.4
42.9	-6.08
12.5	51.2
15.3	48.6
33.5	33.2
39.8	36.4
34.3	-19.1
35.2	-16.4
24.8	44.3
15.6	51.6
50.5	27.2
18.1	50.6
37.6	-5.37
39.2	-1.9
18.1	50.7
46.8	8.35
45.3	4.12
43.6	-4.39
43.4	-4.34
43.2	-5.15
47.3	14
43.4	-5.33
43.2	-5.83
42.4	-5.27
-38	20.7
51.9	9.5
21.3	43.3
12.7	53.4
18.7	46.1
17.5	49.5
13.7	50.3
15.6	50
45.5	23
46	22.7
41.7	26.8
43.5	26.4
40.6	28.7
41.7	28.1
49.9	19.6
49.9	19.2
-31.5	29.3
50.7	22.2
23.5	-0.498
55	22.3
55.6	22.2
49.7	22.2
57.1	22.9
41.4	29.3
22.6	46.3
49.9	21.1
53.2	20.3
-14.3	1.53
-16.7	-12.4
14.5	49.9
35.9	2.42
36	2.42
44.1	35.7
43.6	36
44.2	25.2
34.3	32.8
36.7	-13.8
36.5	-13.7
29.6	40.3
38.5	5.38
40.4	5.04
39.1	0.638
26.7	39.1
26.7	39.1
33.9	-21
47.5	0.113
20.7	49
15.6	52.7
15.6	52.9
40.9	4.98
38	4.1
36.9	38.5
52.1	37.3
52.6	37.7
52.5	37.6
51.5	32.5
52.7	37
62.2	37.4
52.2	41.1
32.4	-21.5
33	-18.2
26.8	-0.0384
16.4	51.6
16.4	51.7
42.2	1.87
42.8	2.42
40.5	0.519
40.6	0.601
34.7	-1.28
35.8	-0.95
35.9	-1.06
24.4	-7.02
23.8	-7.96
18.8	2.61
45.5	11.1
44	2.59
17.8	-10.1
44.5	2.96
36.8	8.74
45	3.29
33.8	-4.9
30	-9.3
-16.6	-12.7
28.9	3.3
34.5	9.83
7.38	21.5
49.5	17.2
50	9.19
-42	6.84
30	4.31
-44.7	20.2
29.6	3.8
-42.2	14.3
29.4	3.91
-27.5	33.8
11.9	22.5
-43.3	5.97
30.4	3.96
44.8	3.99
16.1	-8.48
23.7	0.0622
18.5	-3.31
24	-7.5
17.3	-10
44	3.88
16.7	-9.47
18.1	-7.12
17.3	-8.43
46.6	4
49.9	8.66
24.4	-7.11
24.3	-7.23
22.2	-3.71
15.8	-8.03
-16.5	-12.8
-21.6	-14.5
27.1	-5.57
26.1	-5.55
25.1	-7.01
-43.1	5.21
23.6	-2.89
37.7	33.8
37.5	34.1
35.8	33.4
35.8	33.2
17	51.8
20.9	49.2
11.3	55.6
17.4	52.1
43.9	22.8
35	31.5
51.9	25.5
51.1	26.2
52.9	24.9
-24	41.9
45.5	24.1
50.3	21.1
34.1	9.12
37	9.19
51.2	26.1
42.9	27.6
35.5	-22.7
37.7	27.6
18.9	46.2
46.8	33.3
48.4	31.2
-1.41	11
-1.03	11
34	-22.2
35.1	-17.4
36.1	-21.2
14.3	50.9
13.7	51.5
18.5	49
14.5	51.5
13.1	52.2
12.8	52.4
50.8	24.4
39.5	38
54.5	24.9
50.1	23.8
49.7	23.5
50.4	24.7
52.2	24.5
50.7	24.5
40	37.7
53.7	25.1
54.1	25
49	27.2
47.4	23.6
41.7	22.6
38.5	37.2
14.5	53.3
13.9	53.5
22.3	47.8
26.4	45.3
35.4	41.4
19.4	50.3
24.6	46.6
56.4	22.4
56.3	22.6
34.4	-11.9
33.8	-11.8
38.3	2.28
39.6	3.2
35.6	-0.481
35.3	-0.597
18.6	48.8
20.8	47.9
22.5	45.1
25.5	44
11.4	54.7
9.33	56.3
10.7	55
17.7	51.7
16.8	52.5
14.9	53.4
8.79	56.8
32.3	-7.94
24.9	-6.32
18.9	45.7
21	46
55.6	26
55.5	25.9
17.2	33
16.7	32.5
52.7	29.1
39.6	38.8
52.8	28.9
53.4	27.1
51.4	22.5
53.5	26.8
52.3	37.3
27.5	37
38.4	36.1
4.38	58.2
52.5	27.5
37.9	38.4
37.8	37.6
33.9	35.6
37.9	37.6
38.5	37.7
60.4	36.9
50.9	23.1
51.5	22.7
54.8	24.3
51.7	22.4
13.1	51.3
16	49.7
20.9	44.8
18.2	48.1
13.9	52.4
18.4	48.2
16	50.7
51.9	36.9
50	20
13.3	53.8
22	48
23.1	47.2
52	36.7
14.9	49.9
34	-0.794
59.2	13.2
21.2	43.6
55.4	25
55.6	24.8
43	26.8
44.8	25.3
15.4	48.9
21.9	-3.33
26.8	-0.484
26.7	-0.466
61.3	35.1
59.5	22.6
51.7	6.27
51.6	6.47
21.6	45.4
21.4	45.4
3.67	64
23	44.9
23.3	44.8
2.69	21.7
50.5	39.1
50.1	37.7
16.5	35.9
17	33
-32.9	25.3
-45.9	35.8
54.2	24.2
34.2	42.6
49.8	44.2
52.7	26
-42.8	16.3
50.7	24.7
49.4	24.1
35.9	41.4
21.6	48.5
18.4	51.5
16.3	52.9
38	37.9
37.5	-15.9
51.7	24.2
9.78	56.4
30.3	-6.74
43.9	4.39
3.82	35.9
19.1	51.8
41.4	10.6
-30.1	27
57.8	22
-26.5	7.99
37.7	27.7
51	40.6
36.7	8.38
-17.7	1.02
35.1	-0.975
33.6	-5.09
37.6	-15.4
37.4	6.93
4.34	63.9
48.3	23.4
35.6	43
51.6	24.5
31.6	-23.7
39.1	29.7
16.2	36.5
27	-52.9
35.4	3.67
43.7	30.4
42.8	31.4
43.5	32.3
43.1	31.6
24.7	40.9
48.5	31.7
65.2	23.6
47.9	31.7
33.1	-12.3
38.8	-0.903
33.6	-10.8
33.9	-6.74
51.8	24.6
37.5	-18
29.5	-12
51.7	24.3
45.8	25
46.4	26.9
45.6	24.9
45.6	24.9
52.2	26.5
53.4	24.4
53.3	24.6
48.5	26
47.2	23.8
47.2	26.2
46.5	24.5
46.5	24.5
45.1	29.9
53.6	22.5
17	50
21.4	45.4
36.5	3.06
11.1	56.4
24.3	42
46.7	35.3
44.2	33.5
43.4	34.7
43.2	35.8
45	35
44.1	33
35	-6.7
45.5	21.1
48	30.6
48	30.4
48.5	29.3
46.9	24.3
41.6	34.5
21	45.8
41.9	34.3
44.6	23.7
10.4	55.9
14.1	53.9
14.1	54
10.4	55.7
48.8	31.8
49.2	31.1
47	14.1
47.9	26.2
19.4	49.1
52.7	24
24.6	42.9
16.7	49.5
13.1	51.9
34.9	-1.8
39.8	2.81
38.9	2.25
37.4	1.12
36.7	-0.953
35.4	-1.5
38.6	28.1
32.6	-20.4
35.3	32.5
42.2	26.7
21.4	46.8
11.4	54
59.5	20.5
55.8	24.5
49.6	9.69
16.2	47.8
50.1	37.7
42.5	24.9
17.1	44.8
12.1	54.2
11.3	54.1
17	33
50.6	35.4
15.3	48.6
39.8	36.4
39.2	-1.9
43.4	-4.36
51.9	9.5
14.3	52.7
17.5	49.5
15.6	50
46	22.7
43.5	26.4
41.7	28.1
50	19.3
55.5	22.4
57.1	22.9
36	2.42
43.5	35.9
34.4	32.8
36.5	-13.7
29.8	40.2
38.1	4.01
26.7	39.1
47.5	0.113
19	50.4
15.6	52.9
36.9	38.5
51.2	39.4
13.4	54.5
33.7	46.8
52.5	37.6
33.8	47
33.8	47
62.9	37
33	-18.2
16.4	51.7
35.1	-0.975
44	2.59
17.8	-10.1
44.5	2.96
36.8	8.74
45	3.29
33.6	-5.09
33.8	-4.9
30	-9.3
50	8.85
15.8	-8.03
23.4	-8.08
25.2	-6.64
7.38	21.5
33.1	12.5
20.9	49.3
11.3	55.6
37.5	34.1
35.8	33.2
35	31.5
52.9	24.9
50.3	21.1
37	9.19
-1.03	11
13.7	51.5
18.5	49
12.8	52.4
49.4	24.1
39.7	37.9
49.7	23.5
52.2	24.5
40	37.7
54.2	25.1
21.6	48.5
41.7	22.6
48.6	23.2
13.9	53.5
26.4	45.3
19.4	50.3
24.6	46.6
57.4	22.7
33.9	-11.7
35.3	-0.597
20.8	47.9
25.5	44
36.2	8.15
10.7	55
10.1	55.2
24.9	-6.32
21	46
55.5	25.9
16.7	32.5
52.8	28.9
53.4	27.2
52.3	37.3
27.5	37
38.4	36.1
55	23.9
51.8	22.5
16	49.7
13.9	52.4
16	50.7
23.1	47.1
55.7	24.9
44.8	25.3
26.8	-0.408
59.5	22.6
42.1	25.2
36.4	-2.05
35	-3.19
35	-3.19
39.5	2.49
39.5	2.48
39.9	2.38
39.8	2.26
39	2.17
37.4	1.07
37.4	1.07
36.5	-0.232
38.8	1.34
38.8	1.34
35.7	-2.29
35.6	-1.5
35.6	-1.5
51.5	32.6
33.5	45.1
34.1	44.3
34.1	44.3
34	47.2
48.5	31.2
35.1	-17.4
36.1	-21.2
23.3	44.8
35.2	-16.4
45.3	4.12
60.4	36.9
29.6	3.83
29.5	4.07
3.49	64.6
50.5	25.8
50.5	25.8
29	3.11
50.9	-1.45
46	21.3
42.8	-6.27
31.4	30.1
66.8	23.3
33.4	45.6
45.3	3.19
17.6	11.7
66.8	23.3
46	21.3
17.6	11.7
50.9	-1.45
42.8	-4.82
51.5	40
46.3	30.2
44.8	-4.19
51.4	19.7
-42	24.2
-15.8	-1.72
37.1	32.5
22.7	0.938
16.9	36.9
12.2	54.8
43.5	24.8
5.85	59.2
26.1	21.4
26.1	21.4
47.6	35.6
48.3	35.6
48.3	35.6
40	29.8
49.7	26.6
32.9	-16.2
32.1	-20
5.37	60
16.5	44.4
51.3	37.6
42.4	37.4
6.47	57.6
51.1	38.9
48.5	30.5
49.3	37.3
5.03	61.1
21.8	0.739
37.4	27.5
13.8	38
39.7	29.1
42.8	-5.34
-13.9	17.1
45.1	13.2
12.7	19.2
33	-0.179
42.7	-5.9
43.7	-3.74
23.9	45.5
25.4	45.5
43.3	-5.29
-2.08	-21.7
29.4	-12.7
-13.6	3.93
-38.4	6.49
-35.7	44
-46.3	42.3
-46.3	42.3
-46.3	42.3
-45.1	36.1
-46.6	40.7
-46.6	40.6
-48.5	36.9
-46.1	37
-28.2	46.5
-28.2	46.6
-48.3	37.7
-47	38
-46.6	37.6
-48.4	37.9
-49	36.8
-44.7	41
-44.6	40.9
-44.7	41
-49.2	36.7
-45.6	37.4
-41.7	-2.76
-52.5	6.58
-52.5	6.8
-53.2	36
-53.2	35.6
-53.3	35.9
-53.4	36.1
-58.8	16.9
-54.3	4.72
-52.5	39
-53.4	33
-52.6	33.7
-52.1	34.1
-51.2	34.6
-53	33.3
-15.3	-0.445
-38.6	6.23
25.6	-11.4
-15.4	-0.482
-15.2	0.116
15.6	-6.03
-37.9	7.3
-37.9	7.3
31	-11.3
-25.9	-17.6
-58.7	29.7
-59.8	-0.278
-59.4	-0.555
-56.6	11.5
-24.4	-18
-51.4	-15.6
-6.94	-21.1
16.7	-9.53
54.8	23.6
-55.8	30.9
-56.1	31.2
-56	31.2
20.4	-10.8
-42.6	19.4
31	0.0569
-55.9	31.7
-58.5	30.1
-58.4	30.1
-53.5	32.9
-53.4	33.5
-53.5	33.8
-55.2	29.9
-57.6	30.5
-57.5	30.6
-57.9	30.4
-52	35.2
-51.8	34.3
-65.4	5.99
-52	32.3
-52.1	32.2
-52.5	33.5
-55.5	31.4
-62.8	-12.1
-12.6	9.23
-47.6	38
-56.4	6.27
-39.9	39.6
-16	0.814
-28.2	46.6
-48	38.1
-48.5	37.8
-48.3	39.1
-38.5	6.38
16.5	-7.54
-58.6	29.9
-63.3	1.78
-25.8	48.5
-53.2	36.5
-40	39.6
-55.3	30
-49.4	37
25.7	-11.4
49.6	9.69
-15	-0.21
27.4	-36.7
-53.8	35.8
-49.2	37.9
-46.6	40.6
-48.3	37.7
-44.6	41
-44.7	41
-44.6	40.9
-44.7	41
-49.2	36.7
-53.3	35.9
-53.4	36.1
-61.7	16.6
-52.6	33.7
-52.1	34.1
-54.4	32.4
-58.4	30.1
-53.5	32.9
-53.4	33.5
-54.9	34.5
-57.5	30.6
-57.9	30.4
-52.1	32.2
-56.4	6.27
-53.5	36.2
-53.2	36.5
-47.7	36.6
-53.4	33.5
-54.4	34.4
21.9	-55.2
-19.3	-23.6
-17	-24.6
-73.7	1.1
-73.8	1.29
12.7	-46.7
0.169	-35.4
-21.7	-30.6
10	-46.5
-24.2	-47.2
-4.51	-44
10.8	-48.8
-16.7	-53.5
-3.02	-46.6
-16.4	-26
-21	-36
11.6	-46.1
-9	-52.4
-29.5	-19.7
-55.5	-4.31
5.13	-42
-26	-35.5
-7.02	-62.3
-1.28	-61.9
-8.79	-38.9
-9.96	-24.4
19.6	-51.2
-10.6	-61.8
9.48	-49.8
-12.6	-48.5
10.3	-47.4
-10.2	-44.2
12.1	-35.7
-10.3	-43.7
15.3	-50.1
14.4	-49.1
-23	-29
-1.08	-74.1
-2.76	-74.5
-1.02	-72.9
22.6	-55.8
0.0773	-61.3
2	43.8
9.87	-75.3
4.58	65.3
5.66	67
5.22	66.6
24.3	-62.4
26.6	-46.4
-26.5	37.6
-7.37	-69.5
-30.9	0.787
12.6	-75.2
12	-75.4
-91.4	8.09
-3.64	-74.7
-28.9	-46.7
-7.34	-24
-18	-23.3
33.8	10.9
-23	-19.6
-8.7	-42.6
-30.5	-18.5
-33.8	-22.1
3.38	-26.7
-9.6	-22.7
-9.27	-22.1
9.34	-40.1
-10.8	-43.4
-12.4	-43.2
25.5	-41.9
-8.35	-42.9
14.5	-42
5.77	-40.5
-22.7	-17.5
19.1	-43.7
4.85	-40.1
6.2	-37.7
-22.8	-36
-24	-34.8
-19.6	-39.4
-11.7	-51.6
-12.8	-50.8
-10.8	-52.7
-25	-34.7
-13.6	-51.4
-8.77	-43
-6.32	-44.2
-29.8	-23.9
-18	-44.3
-23.2	-28.6
-21.9	-30.1
-9.04	-43.4
-3.01	-45.8
-23.6	-27.7
-22	-28.7
-19.3	-45
-12.9	-43
-10.1	-43.5
-30	-22.4
-27.6	-24.8
-15.1	-42.1
-18.3	-40.3
-10.7	-44.7
-18	-41.2
-25.7	-27.9
-22.2	-30.9
-6.46	-55.2
-12.4	-43.8
-4.1	-46.4
-11.7	-44.3
4.89	-37.5
-12.4	-42.1
-0.383	-33
-11.3	-46.5
6.11	-39.1
-11.1	-46.8
5.88	-38.6
-11.8	-44.7
5.08	-37.8
-9.17	-50.5
7.16	-39.6
-1.18	-67.4
-1.51	-67.3
-0.708	-67.6
-0.862	-67.7
-1.13	-67.5
-0.344	-67.8
4.89	-37
-0.0406	-33.3
5.54	-37.6
6.27	-38.6
6.01	-38.5
9.86	-39.9
-9.88	-50.4
-11.3	-48.7
-8.81	-51
-9.73	-50.8
-5.03	-54.6
-9.34	-62.7
-9.7	-62.8
-8.69	-62.7
-7.05	-65.8
-6.07	-70
-8.13	-63.4
-9.98	-63.4
-16.6	-53
-8.6	-64.1
-8.23	-64.3
-9.06	-63.5
-6.42	-65.4
-10.2	-51.9
-11.9	-47.2
-9.9	-54.4
-3.95	-59.2
-5.44	-56.4
-3.73	-60.8
-22	-33
-22.9	-32.6
-19.9	-34.2
11.9	-49.8
-10.8	-50
-9.43	-45.3
-12.6	-44.3
13.1	-49.6
-8.87	-52.6
-3.84	-47.2
-16.7	-38.4
-18	-37.2
-12.9	-40.1
12.1	-49
-10.3	-49
-3.75	-47.9
13.3	-51.8
-9.91	-53.3
1.57	-50
-6.7	-51.1
12.7	-47.3
12	-46.5
13.4	-47.6
-3.93	-58.8
-1.26	-69.8
-1.58	-69.9
-1.02	-69.8
-20.7	-37.3
-11.7	-29.7
-11.5	-36.9
-21.2	-32.6
-24.8	-19.7
12.1	-42.9
-7.25	-53.1
-8.39	-52.7
-5.06	-55.1
15.3	-50.2
14.6	-49.6
15.9	-52.4
17.6	-58.1
16.7	-58.4
19	-57.2
-9.9	-48.4
17.7	-61.6
17.5	-61.5
18	-61.6
-11.8	-46
4.02	-41.2
3.02	-40.7
5.3	-41.3
-8.78	-31.2
-24.7	-33.9
-10.3	-30
-25.8	-32.1
-7.32	-32.9
-23.4	-35.2
-15.4	-27.9
-25.5	-32.1
-12.4	-28.8
-28.2	-27.2
-17	-25.7
-22.4	-29.3
-14.9	-26.3
-29.6	-24.6
-11.5	-30
-24.2	-29.1
-12.1	-29.4
-24.8	-28.6
-10.6	-30.5
-23.6	-29.8
-11.4	-27.9
-29.4	-25.7
-14.8	-25.9
-30.3	-24.4
-8.55	-29.5
-27.4	-29.3
-0.45	-47.7
-1.98	-47.1
4.41	-48.8
-22.3	-22.6
-28.1	-24.5
-28.9	-23.7
-24.2	-21.6
-29	-23.7
-29.7	-22.9
-18.6	-24.1
-26.2	-27.2
-27.6	-25.2
-28.1	-21.6
-30.6	-21.8
-31.2	-21.8
-23.4	-22
-28.3	-24.7
-29	-23.2
-25.5	-21.3
-30	-22.6
-30.2	-22
-20	-23.3
-27.2	-25.7
-27.7	-24.6
-28.9	-21
-31.2	-21.1
-30.9	-21.8
-13	-29.8
-23.9	-33
-28.6	-24.5
-14.6	-28.7
-24.5	-28.9
-29.7	-23.5
-12.3	-30.4
-23.7	-36.6
-27.2	-26.3
-26.6	-22.5
-29.2	-23.7
-31.7	-21.6
-6.88	-53.4
14	-49.1
-0.242	-41.5
-15.8	-49.9
2	-42.5
-13.6	-51.3
-1.01	-43.7
-16.7	-41.1
-4.59	-32.7
-1.54	-43.1
-17.2	-40.3
-5.11	-31.9
-0.707	-44.1
-15.7	-42
-3.98	-33.5
6.11	-49.1
-3.69	-34.1
4.5	-48.3
-4.09	-33.7
9.02	-49.1
-3.34	-34.4
1.1	-41.4
-12.9	-50.6
-0.205	-40.8
-14.2	-49.3
3.7	-42.4
-11.5	-51.8
12.8	-48.2
-8.7	-66.5
5.94	-49.6
-15.8	-42.7
-4.78	-42.7
5.43	-49.4
-17.7	-42.1
-8.28	-37.5
-24.7	-47.2
6.35	-49.9
-12.3	-45.8
-4.46	-43.5
2.57	-50.3
-14.6	-51.1
15.4	-51.8
5.33	-50
-7.02	-35.4
-23.7	-34.7
-7.65	-32.5
-24	-31.4
-8.74	-35.2
-21.1	-36.6
-9.26	-29.3
-22.5	-33.3
-8.43	-35.6
-18.4	-41.2
-17.5	-24.8
-26.3	-29.7
-12.5	-30.4
-21.5	-36.3
-27.7	-28
-12.3	-30.2
-21.5	-34.3
-28.4	-31.8
-12.7	-30.5
-21	-38.8
-27.2	-29.2
-19.7	-30.5
-26.5	-31.6
-29.8	-25.4
-3.17	-38
-17	-41.6
-6.36	-35.3
-19.3	-38.3
-27.9	-32.7
-0.526	-43.5
-14.9	-45.5
2.93	-53.3
2.79	-53.1
-2.69	-60.5
-1.42	-61
-2.52	-46.7
-2.46	-52.8
-6.67	-44.5
-15.7	-45.9
-18	-41.2
10	-46.2
-8.01	-36.8
6.11	-41.5
-4.78	-46.2
10.8	-47.1
-1.59	-69.8
3.91	-56.4
5.18	-53.8
-10.3	-45.9
0.59	-49
-1.86	-69.8
-1.2	-69.7
11	-47.3
13.2	-48
15.9	-50.6
15.6	-49.9
16.7	-50.6
4.63	-50.1
-11.3	-52.7
-14.4	-44.6
-17.1	-40.4
-11.7	-43.8
-14.4	-41.6
8.31	-48.8
-0.48	-47.8
61	15.2
61.6	15.4
66.7	18.4
63.7	19.2
64.5	19
18.5	3.78
13.1	-0.221
65.6	19.2
8.45	-4.35
24.6	21.3
14.9	-0.72
52.2	-4.44
60.2	32.8
71.1	22.5
-21.6	27
16.4	-0.406
70.6	23
18.8	4.18
57.7	0.867
16.5	1.54
65.1	12.5
66.7	33.9
-43	37.4
-52.2	-15.1
-41.9	30.4
25.7	37.4
9	-2.52
65.6	34.2
7.28	29.8
50.2	30.1
17	40.8
17	40.5
16.9	40.5
-3.51	61.9
7.53	-2.4
9	-2.55
9	-2.55
8.09	-2.56
24.5	21.3
-12.9	56.9
16	1.11
-12.2	56.3
17.1	40.4
41.4	31.3
41.5	31.3
16.6	39.9
-27.5	46
63.3	36.2
60	33.3
-43.1	42.3
-44.2	41.4
-40.4	-0.332
70.9	23.5
71.1	23.9
70.9	23.5
71.8	23.7
71.9	23.8
68.5	27.9
71.4	24.5
63.8	23.2
63.7	10.3
3.06	60.4
68.5	27.9
15	35.3
57.6	-2.29
37.7	19.9
37.7	19.9
37.6	19.9
66.9	21
57.5	-2.3
61.7	-3.77
62	-4.29
62.3	-4.18
61.8	-3.85
61.3	-3.8
61	-4.25
61.5	-4.32
61.6	-3.57
57.7	-2.29
62.7	-3.8
61.4	-4.34
63.4	-3.36
62	-4.37
59.7	16.9
62.4	-3.46
62.3	-4.22
33.6	44.2
63.1	-3.35
70.5	25.5
62.3	-3.63
58.7	-5.46
61.9	-3.54
63.2	9.91
62.4	-3.39
62.6	-4.13
19	4.59
66.2	14.9
51.4	14.1
62.6	-4.15
61.6	-3.25
67.2	12
70.9	25.6
65.5	13.2
65.8	13.4
68.8	24.7
63.7	13.9
63.7	13.9
66.3	19.9
66.5	10.2
70.9	25.6
61.1	-3.72
62.7	14.6
64.3	10.9
66.3	15
69.4	26.1
65.4	13
63	-3.7
61	-4.31
57.7	-2.34
68.6	24.9
-51.8	-12.9
13.3	23
12.9	22.4
-16.6	-9.78
12.8	21.9
58.3	13.7
-50.5	23.7
45.9	8.31
-59	-15.1
-35.6	43.5
-59.5	-14.8
70.1	24.9
59.9	25.4
-41	25
-47	28.5
69.9	24.4
59.9	25.4
-41	25
69.6	24.8
-41	24.9
69.6	24.8
-42.2	23.4
69.6	24.1
-27	30.8
-45.9	34.3
68.3	23.9
57	34
55.8	8.19
57.9	33.4
57.4	34.8
64.6	35.3
12.7	21.5
23.2	6.88
59.8	34.1
63.2	11.1
59.4	33.3
23	7.65
57.7	35.7
36.1	19.7
58.4	32.4
-49.8	-5.28
68.3	21.6
14.3	-3.14
65.1	13.2
-49.6	-5.27
64.9	18.8
62.9	9.68
59.6	20.2
3.06	60.4
17.9	46.9
-28.1	33.2
12	23.7
3.06	60.4
16.8	48.3
-45.6	4.5
12.9	22.4
56.9	37.3
60	31.4
57.4	36.2
59.7	32.3
5.58	30.9
-54.7	-16.7
12.5	22.8
71.4	23.2
-40.1	23.6
71.4	23.2
-40.9	4.84
-55.2	-16.7
-40.1	23.6
70.2	24.5
-40.7	4.77
-55.2	-16.7
66.3	14.7
-40.9	4.84
70.2	23.8
70.7	24
69.9	27.2
71.3	24.4
45.8	14.6
64.2	14.4
14.7	-1.38
64.3	12.4
-8.24	52.1
32.7	36
4.13	66.4
71.3	25.2
70.8	24.8
-50.1	-15.6
-2.41	37.6
68.9	24.4
13.6	24.3
-29.6	48.4
15.7	25.1
24.5	26.6
53.6	35
-1.91	26.3
27.7	22.1
10.5	21.9
70.8	24.8
14	-3.04
64.7	11.6
71.2	25
71.7	24.1
71.9	24.6
29.6	19.5
71.9	24.6
71.5	25.3
70.2	25.2
70.8	24.8
-48.7	-3.74
65.9	18.5
66.7	15.9
65.5	24.3
65.6	13.7
61.5	17.9
59.7	-0.899
16.6	2.01
7.05	-2.29
6.37	-2
-48.1	-15.8
16.4	1.7
70.4	25.2
-30.6	49.3
70.3	11.4
14.4	-3.14
64.7	12.5
71.6	23.3
70.6	23.8
-53.1	-20
8.09	-2.57
7.54	-2.46
65.1	12.9
67.1	24.3
70.3	26
-21.7	29.6
11.1	24.7
70	25.6
71.6	25.3
70.4	24
57.5	-2.27
71.1	23.9
55.2	28.6
66.8	33.8
66.8	33.9
66.6	34
66.8	33.9
63.7	33.8
63.3	33.6
63.3	33.6
63.2	33.6
63.7	33.8
63.3	33.6
63.7	33.8
63.7	33.8
63.7	33.8
59.6	32.6
59.6	32.6
59.6	32.6
58	35.1
60.1	12.1
64.1	11
64.8	13.1
67.7	24.6
62.8	8.11
69.5	26.2
-45.1	4.73
13.2	20.8
33.7	44.1
10.6	26.1
40.5	42.3
65.5	13.6
55.1	28.6
59.1	11.1
14.7	27.8
63.4	10.4
70.5	24.3
69	23
61.2	6.55
63.9	34.2
37.8	20
58.9	32.4
62.6	31.7
60.1	33
-0.456	63.2
3.65	23.1
-13.5	24.4
34	-51.2
29.1	-49.8
7.35	-71.1
32.5	-52.3
7.76	-66.8
-1.3	-75.2
-2.04	-76.8
25.5	-52.4
-18.9	-50.2
-21.2	35.8
27.2	-43
0.453	41.5
28.3	-50.7
28.4	-42.3
15.9	-67.5
-42.9	40.4
18.5	-72
29.2	-51.1
-18.5	-49.9
28.4	-50.6
29	-43.8
33.2	-50.3
7.39	57.4
6.79	58
-19.7	-32
22.4	-66.6
15.2	-73
40	7.22
29	-44.4
29.2	-43.7
23.1	-64.5
15.4	-70.9
11.8	-64.8
22.4	-64
12.9	-71.1
4.67	-35.9
7.92	-65.4
-6	-71.8
-1.65	40.8
-6.32	-71.9
-3.47	-50
29.8	-50
28.3	-50.6
-5.7	-50
-22.9	-46.4
-13.8	27.1
2.72	41.9
11.8	-32.3
10.4	-53.7
5.69	-67.6
18.3	-36
27.9	-50.7
30.8	-51.2
7.54	-67.1
22.5	-66.3
15	-72.5
27.8	-50.6
33.7	-52.1
10.1	-64.3
32.2	-52.6
10.4	-65.3
34.6	-51.7
31.3	-52.3
18.7	-72.1
11.7	-64.9
10	-43.6
-6.13	-71.6
28.6	-51.3
16.3	-66.4
0.894	-74.7
29.7	-41.5
-0.273	-24.7
-15.2	-36.3
17.6	-49
26.6	-44.3
5.03	-72.2
13.3	-70.7
-13	27.2
7.97	-67.4
-4.88	-71.2
9.36	-69
-12.7	27.2
9.13	-69
1.91	-72.5
-13.2	26.8
-25.1	37.3
-13.4	26.8
30.5	-49.2
29.2	-48.4
9.09	-69.7
16.3	-67.1
-12.8	-60.2
7.78	-69.8
-14	-36.9
14.3	-72.9
1.82	-74
31.5	-52.9
10.4	-65.8
29.8	-49.6
30.7	-50.5
28.2	-47.3
2.86	41.5
2.19	42.2
1.81	42.3
33.3	-51.2
34.2	-52.2
15.6	-71.3
5.71	-66.1
-3.62	-70.7
29.2	-49.4
7.58	-66.5
6.39	-64.2
10.3	-65.2
9.5	-64.7
8.65	54
8.2	54.3
-4.96	-69.6
29.3	-42
29.9	-52.1
-5.05	-65.2
13.7	-58.6
10.6	-73.7
3.22	-38.3
28.5	-42.1
9.32	-68.2
28.7	-43.5
31.3	-52.8
10.3	-66.1
7.75	-71.2
14.7	-36.7
30.5	-53.3
11.8	-65.9
16.2	-71.6
32.9	-54.2
32.9	-54.3
32.9	-54.3
37.7	-48.7
31	-48.9
30.5	-43.2
22.8	-66.5
12	-66.1
34.8	-54
34.7	-54
31.3	-53.9
-14.1	-37.1
4.69	-73.7
35.5	-53.5
15.7	-71.4
12.1	-63.5
28.7	-49.1
-3.86	-51.6
30.7	-47.4
-0.5	-23.8
5.08	-74.6
4.87	-74
43.8	-5.83
3.93	-74.3
30.5	-48.7
6.11	-73.6
30.6	-49.1
40.6	-8.67
-0.323	-24.5
36.8	-53
31.7	-44.8
30.1	-45.5
15.8	-73.8
-18.5	-50
15.7	-71.4
29.9	-52.2
-4.77	-62.5
31.8	-42.2
-40.8	22.1
26.8	-44.3
-13	27.2
-12.7	27.1
-13.1	26.9
-5.3	-68.9
28	-45.4
-5.06	-65.2
13.7	-58.6
9.36	-64.4
11.1	-68
5.61	-72.1
10.7	-64.8
-4.66	-70.9
15	-74
15.7	-67.6
29.5	-47.4
8.36	-64.7
-16.9	-43.7
-23.1	-51
12.1	-64.8
15.9	-67.4
2.32	42.5
-1.38	-31.5
-3.36	-49.9
16.5	-67.4
9.8	-63.7
11.5	-65
16.4	-67.5
-29.6	0.597
-15.2	-36.3
-4.52	-62
4.4	-72.4
0.178	-73.8
1.85	-72.4
8.43	-65.8
2.36	-73.4
-6.64	-71.9
7.04	-66.9
9.65	-64.9
34.1	-51.4
-5.42	-71.5
10.4	-66.9
10.6	-75.2
28.6	-46.4
0.432	-73.1
6.94	-71.5
1.02	-45.1
31.3	-48.8
30.6	-43.1
11.5	-63.1
-15.6	29.1
5.32	-73.5
7.51	-74.5
29.7	-41.5
15.4	-72.5
22	-49.3
6.83	-59.7
-11.6	-54.9
-11.3	-55.8
2.92	-71.6
1.14	-72.7
7.39	-70
5.53	-71.3
29.6	-53.2
31.3	-53.2
36.9	-53.1
40.9	-9.49
40.9	-9.64
2.38	-73.5
36.4	-22.5
-0.764	-35.3
1.26	-34.7
-12.8	26.9
-13.2	27.4
27.1	-45.7
13.8	-58.4
7.37	-68
9.08	-65.7
26.9	-52.3
26.5	-52.6
27	-51.9
26.4	-52.6
32.8	-52.4
32.7	-52.6
18.4	-67.4
2.78	-67.8
19.8	-66.8
-31.1	22
34.2	-20
-15.5	1.64
3.81	-3.37
29.6	-12.2
34.8	-4.59
30.9	-9.48
29.7	-10.5
32.9	-9.62
33.4	-7.05
34.2	-8.87
-32.9	22.5
33.4	-21
-32.9	23.2
34.3	-18.3
34.9	-14.1
-31.6	22.3
32.4	-22.3
35.2	1.99
-33	23.7
32.6	-16.4
-32.5	23.3
34.7	-19.1
34	-17.6
-33.4	23
33.2	-19.9
35.9	-5.22
-33.3	23.6
33.6	-17.3
-33.5	22.4
33.3	-20
36.2	-6.1
-33.5	22.9
34.1	-17.4
-33.7	23.2
33.8	-20.7
34.1	-16.8
-32.7	22.9
33.7	-21.8
-32.1	22.5
33	-21.7
35.5	-6.24
-33.6	23.5
34.7	-20.7
-33.9	23.7
35.7	-19.5
-33	24.2
32.1	-16.7
32.4	-15.9
-33.1	22.8
33.3	-18.6
37.8	-0.975
-19.7	27.8
-31.2	20.2
33.4	-22.1
35.5	-4.9
26.7	-36.2
-31.1	23.3
34.4	-21.4
-31.2	22.6
32.7	-22.6
36.5	1.34
36.5	-2.95
-41.4	25.4
32.7	-11.7
-31.7	19.9
33.3	-22.7
-33.5	22.6
33.9	-15.6
36.2	1.03
-33.3	22.4
32.7	-20.8
-33.9	23.6
33.8	-16.6
-31.1	23.7
34.7	-21.9
-31.3	22.5
31.8	-20.6
-50.8	-12.8
-37.5	25
34.6	-18.5
-35.1	19.4
33.8	-14.7
-53.1	30.5
-23.6	2.83
-53.9	31.8
-54.4	31.5
-53	30.6
-53.7	31.5
-53.3	30.4
-54.7	30.7
-53.1	30.5
-52.4	32.9
-55	30.9
-54.9	31.3
-45.4	37.8
-41.9	31.1
-32.7	22.7
33	-18.9
35.1	-5.78
-23.3	-15.3
-45	36.2
-23.5	-40.9
-43.7	37.7
14.2	-24.4
-52.2	29.9
-45.4	36.8
-2.64	-22.1
-8.91	21.5
14.2	-24.4
-47.1	35.1
-47.2	35.1
-44.2	37.4
-44	37.5
-44.3	37.5
42.2	5.92
-43.3	38.2
-42.5	36.2
28.3	-37
40.3	-6.2
40.7	-3.87
6.54	25.6
15	22.8
-29.1	35.4
-24.8	33.4
33.9	11.4
31.5	-8.38
-31.1	23.7
35.1	-21.5
-28.3	35.8
3.56	22.3
28.9	-12.8
-23.6	2.93
15	28
-35.7	19.3
32.1	-10
32.3	-9.28
-1.88	11.3
-54.5	31
-53.7	29.6
-2.53	62.1
-2.44	62
-32.9	21.6
35.9	-19.6
6.57	24.9
-3.59	25.6
42.6	5.89
40.4	-4.23
40.5	-4.71
43.1	-2.36
43.1	-2.34
43.8	6.72
-55.1	31.8
14.3	28
36.1	-7.29
35.2	-13.8
26.2	-8.2
14.2	-24.4
20.3	2.93
55.5	-4.96
67.2	2.36
67.7	3.18
67.5	2.81
4.8	24.6
24.5	18.3
28.9	15.4
27.2	18.4
31.8	19.3
27.8	20.1
68.9	8.1
28.6	20.1
28.2	20.9
27.3	20
14.5	26.8
13.8	26.6
15.8	24.2
29.5	32
14.7	26.7
14.2	26.5
28.2	20
28.2	19.9
27.9	19.4
28.5	20.2
28.4	20.2
28.1	19.7
27.2	20.2
26.5	20.3
28.4	19.8
28.4	20.2
27.1	19.9
63.3	1.4
28.1	19.3
27.9	19.2
27.8	19.1
26.9	18.7
25.2	19
27.2	19.3
25.2	18.5
25.4	18.7
25.2	18.4
25.2	18.9
25.4	18.7
25.4	18.7
25.2	19
59.8	-4.55
18.3	2.08
52.2	41.2
27.3	19
-1.85	24.9
5.29	25.8
5.6	25.9
24.1	19
25.5	19.2
25.5	19.4
32.1	19.4
31.6	19.1
26.3	18.7
34.2	-20
33.4	-21
34.9	-14.1
34.3	-18.3
32.4	-22.3
32.6	-16.4
34.7	-19.1
34	-17.6
33.3	-20
33.6	-17.3
33.3	-20
32.2	-9.77
34.1	-17.4
36.2	-6.06
33.8	-20.7
33.7	-21.8
33	-21.7
32.1	-9.13
34.7	-20.7
35.5	-6.25
35.7	-19.5
32.1	-16.7
33.3	-18.6
33.4	-22.1
30.3	-10.3
30.2	-10
35.5	-4.9
34.4	-21.4
32.7	-22.6
32.7	-11.7
33.4	-22.7
33.9	-15.6
32.7	-20.8
33.8	-16.6
34.7	-21.9
31.8	-20.6
34.6	-18.5
33.9	-14.6
-53.9	31.8
-54.4	31.5
-53.7	31.5
-54.7	30.7
-52.4	32.9
-55	30.9
-54.9	31.3
-54.2	32.9
33	-18.9
35.5	-5.52
14.2	-24.4
-52.2	29.9
-47.1	35.1
-47.2	35.1
-43.9	37.5
-43.4	37
-44.3	37.5
-42.4	38.2
-42.4	38.2
-42.5	36.2
-42.5	36.2
28.3	-36.9
36.6	-4.02
-24.4	42.6
-1.19	25.8
-27.2	49.6
-25.9	45.1
-25.1	46.6
35.1	-21.5
3.56	22.3
2.1	-23
13.9	-34.1
26.7	-7.15
14.6	-34
28.2	-3.88
14	-35.2
27.4	-5.22
2.18	-23.6
27.4	-4.26
28.8	-3.31
67.8	0.709
14.7	2.35
36.1	-8.59
27.8	-3.94
27.7	-2.64
27.1	-6.66
-5.65	-26.5
1.76	-22.7
28.4	-2.39
28.3	-3.7
28	-5.03
26.5	-7.67
3.21	-23.3
-3.99	25.2
-9.64	-25.2
3.43	-23.7
-6.72	14.4
14.3	-34.1
-14.9	-14
-10.1	17.3
-5.68	13.8
-28.5	-44.5
-11.7	-62
11.2	-4.22
-28.5	-44.5
14.8	2.63
-5.68	13.8
7.56	-0.582
26.7	-8.95
22.9	-7.21
4.91	-24.7
-13.5	-12.7
-7.36	13.5
3.8	-23.8
-12.3	-15.1
1.09	-21.6
-4.49	-23.1
26.5	-9.5
29.7	-11.3
27.9	-10.6
34.3	-48.5
29.4	-10.2
21.1	-2.39
28.7	-10.6
-8.11	-70.1
20.9	-35.2
4.83	-21.6
34.4	-48
-7.08	14
19.9	-35.3
-1.55	-51.9
14.3	19.3
27.3	-4.01
-6.72	9.91
36.6	9.28
-11.1	24.3
29	-4.16
20.5	-35.2
19.5	-35.1
-41.5	23.8
33.2	-7.86
-5.57	8.74
-14.2	-12.9
3.74	-23.7
11.1	-2.12
-6.59	8.46
-6.86	9.13
16.3	4.08
-15.7	-26.5
-23.7	-30.7
18.8	-48.4
-5.91	-45.4
-73.3	1.32
-71	1.74
-1.8	-33.8
-11.2	-30.7
20	-48.6
4.6	-37.9
-9.3	-30.8
-19.3	-34.8
19.3	-48.7
-3.7	-45.3
-2.08	-34
-11.1	-41.5
19.5	-48.8
-0.662	-47
-16.3	-26.1
-23.1	-30.3
18.9	-48.3
-5.18	-44.8
-22.6	-22.7
-26.9	-28.5
-25.1	-28.3
18.2	-48.1
-9.29	-49.1
-5.34	-45.1
-29.5	-19.8
-29.6	-23.3
-28.9	-22.6
6.8	-40.8
-14.5	-42.8
-11.5	-39.9
-15.4	-26.6
-29.3	-25
-22	-34
-20.9	-32.2
18	-47.6
-22.8	-34.4
-8.58	-48.5
-5.44	-44.7
-14.8	-26.8
-30.2	-25.7
-22.3	-33.6
-21.2	-31.8
19	-48.3
-24.5	-37.8
-7.79	-49.2
-4.02	-45
-14.6	-27
-29.3	-24.9
-22	-34.1
-21.3	-31.8
14.1	-44.4
-23	-34.1
-8.65	-48.4
-5.8	-44.5
18.8	-48.3
-11	-42.7
-3.99	-53.8
-15.9	-25.1
-26.8	-33.3
20.1	-46
-8.9	-59.9
-72.6	1.34
-70.8	2.12
3.69	-32.5
-12.1	-26.9
23.2	-43.8
-1.68	-34.8
-1.16	-35.9
-15.8	-40.7
20.3	-45.9
-0.249	-54.1
-20.8	-22.3
-27.3	-30.8
16.7	-43.8
-8.95	-59.6
-9.74	-27.6
-17.3	-37.2
13.5	-40.9
-2.18	-41.3
-14.8	-23.9
-30.5	-24.5
14.3	-40.5
-25.8	-34.6
15.4	-46.4
-17.1	-51.4
24.1	-54.1
-9.8	-60.7
-72.7	0.939
-72.3	1.82
24.2	-55.7
-9.51	-61
-18.7	-51.5
-9.42	-64.5
5.65	-57.5
24.5	-55.5
-9.35	-61.2
-18.7	-52.1
-3.45	-66.8
6.37	-58.2
1.65	-51.6
-24.3	-36.6
-9.22	-45.9
19.3	-63.7
-17.5	-51.6
0.466	-51.7
12.6	-41.3
-18.3	-39.6
-12.4	-39.8
22.2	-48.6
-9.38	-46.8
1.64	-49.7
20.6	-50.9
-17.7	-52
-0.322	-51
24	-53.7
-10.7	-61.3
0.651	-51.6
20.6	-51
-18	-52.6
-0.306	-51.4
24.4	-54.2
-10.6	-62.4
0.757	-52.2
13.8	-46.6
-17.7	-51.8
-0.44	-50.8
24.1	-53.1
-10.7	-61.1
0.633	-51.4
15	-46.3
-20	-45.8
-6.83	-48
24.3	-55.1
-9.67	-61.5
2.23	-55
24.3	-54.2
-7.96	-58.8
-1.19	-40.7
1.39	-51.1
22.7	-46.1
10.4	-51.3
13.1	-35
-13.2	-27.7
0.0227	-48.1
14.7	-47.5
8.18	-59.8
-7.38	-67.3
12.9	-53.2
-6.02	-61.3
-69.6	-5.79
10.7	-1.22
25.1	-48.1
14.5	-55
15.7	-32.6
11.2	-33.6
25.3	-51.6
20.9	-53.7
21.1	-51.6
1.86	-55.5
21.8	-48.2
5.92	-56.3
24.1	-43.3
15.3	-42.5
23.2	-45.2
12.3	-51.5
21.4	-53.7
-1.32	-62.7
24.4	-42.7
19.3	-43
6.35	-51.6
-18.1	-53.1
-9.81	-64.6
15.4	-52.9
-7.28	-63.6
-9.02	-52.3
24.3	-57.6
1.4	-55.9
-24.4	-47.7
23.3	-44.1
2.15	-50
16.8	-69.7
-1	-73.1
-30.8	1.07
16.8	-69.8
-1.33	-74.7
-3.12	-75.1
25.9	-45.8
-5.34	-60.3
22.3	-56.3
-5.55	-60
7.96	-73.9
7.73	-75.1
8.03	-73.4
5.11	-74.7
5.24	66.4
5.27	66.5
5.2	66.7
6.1	67.2
7.38	67.6
7.31	67.6
24.4	-62.3
26.4	-46.8
18.2	-70.8
24.3	-62.3
-11.5	24.4
-1.63	-74.8
-3.61	-75.1
-2.68	-72
-30.7	1.12
18.3	-70
-1.46	-72.1
13	-74.6
12.1	-75.2
-1.81	-76.9
-1.88	-77.1
-7.73	-33.8
-16.4	-22.6
22.9	-42.5
-0.701	-34
-17.6	-24.9
-22.7	-34
-11	-29.3
-21	-33.7
-1.8	-33.8
-11.2	-30.7
-2.48	-33.8
-15.2	-39.8
3.74	-39.6
-10.4	-42
-15	-26.9
-22	-31.3
-17.2	-25.3
-24.5	-31.9
-23	-30.9
-26.3	-20.8
-28.7	-24.9
-28.1	-23.8
-11.2	-29.1
-29.4	-25.6
-21.4	-35.1
-20.5	-32.9
-11.2	-29
-30.2	-26.1
-21.3	-34.8
-20.3	-33
-11.2	-29.1
-29.1	-25.3
-21.3	-35.3
-20.6	-32.8
-7.8	-31
-22.6	-36.7
-6.72	-30.6
-13	-27.7
-1.56	-38.5
-14.4	-44.2
-15.6	-25.3
-26.4	-33.7
-22.9	-21.7
-25.6	-24.9
-12.1	-27.3
-29.1	-26.4
23.8	-50.5
23.8	-49.7
25	-48.3
-68.1	2.26
-1.23	-35.3
-19.5	-34.3
-20.8	-31
-17	-38.3
-9.36	-45
22.7	-48.6
-1.05	-51.6
22.9	-48.7
-0.391	-51.9
-8.07	-29.8
-17.6	-37.3
17	-44
-2.44	-41.4
-73	1.04
-72.3	1.81
2.14	-32.5
-9.41	-28.7
23.1	-43.8
12.7	-40.3
-6.63	-30.6
-16.4	-38.6
18.7	-44.8
-0.885	-49.4
-0.934	-35.8
-13.3	-40.3
19	-44.9
0.875	-49.5
-12.5	-27.2
-23.8	-33.6
17.9	-45
-8.98	-45.9
-2.1	-38.8
-14.7	-44.4
21.3	-53
-0.894	-54
-1.46	-40.3
-12	-50.6
16.6	-46.6
-0.783	-54.2
-1.57	-37.7
-9.03	-46
15.8	-45.6
-1.24	-50.3
-18.7	-23.4
-19.7	-30
13.1	-41.2
-2.59	-39.1
-12.7	-25.8
-24.4	-27.6
14	-40.9
-10.2	-36.5
-10.4	-28.1
-26.9	-30.2
17.9	-44.7
-15.2	-44.1
-13.5	-25
-24.1	-27.5
12.9	-39.8
-9.82	-36.1
-7.49	-33.6
-14.9	-41.7
-0.722	-60.8
-5.88	-57.3
21	-55.7
-1.99	-58.3
-0.946	-61.1
17.8	-62.7
5.78	-43.3
-1.67	-49.8
-0.268	-63.7
1.83	-66.6
1.18	-67.8
12.6	-46.2
-0.796	-53
1.74	-67.4
-7.7	-62.1
1.38	-68.8
1.86	-67.1
16.5	4.84
15.9	3.19
16.4	4.91
15.9	3.3
7.9	-1.95
-71.4	1.72
-73.2	0.648
-74.5	0.961
-1.59	-74.5
14.2	-73.8
-14.3	-24.6
14.9	-41
17	-45.6
-73.7	1.57
21	-46.3
6.82	-74.2
-8.41	-25
3.98	-33.1
8.16	-73.6
7.3	67.5
6.77	67.4
3.14	-28.5
2.79	-31.8
4.05	-57.4
24.5	-51.6
-1.91	-76.9
16.5	-73.4
12.7	-72.1
27.2	-50.1
-15.3	-23.4
-7.45	-25
6.98	-55.1
21.1	-46
-13.9	-29.8
12.1	-41.7
2.13	-66.8
25	-57.2
8.48	-45.8
19.6	-45.1
6.12	-56.9
24.5	-56.6
-0.768	-36.8
22.4	-45.4
14.5	-40.8
-19.9	-37.1
-1.85	-39.9
15.8	-41
5.83	-43.9
16.6	-43.7
-13.3	-54.4
-1.47	-40.3
6.35	-55.7
-29.5	-18.7
-24.3	-19.3
-11.3	-27.4
3.41	-33.2
-8.08	-45.7
-28.9	-27.1
-18.9	-29.1
-15.1	-24.3
6.09	-56.9
24.5	-56.6
-25.1	-26.8
-8.34	-27.4
-20	-29
-11.4	-25.3
-24.9	-24
-15.5	-24.5
-20.7	-28.7
2.07	-66.7
-1.59	-39.9
12.8	-40.7
-2.52	-39.8
21.1	-46
24.5	-56.9
-12.1	-51
1.56	-67.4
24.7	-53.3
6.17	-52.5
25.4	-53
6.28	-52.5
1.58	-63.5
-67.5	3.02
-67.8	4.23
-55.3	-4.9
-67.4	3.56
24.5	-52.7
-0.0497	-50.1
-3.82	-46.3
-9.57	-59.1
-20.1	11.2
-23	9.49
-24.1	6.96
-24	7.76
-24.3	7.56
-23.2	6.69
-41.2	29.7
-41.4	35.4
-40.2	31.1
-40.4	29.2
-41	29.6
-41.1	29.9
-41.2	29.7
-19.3	19.2
-24.6	10.2
-37.5	-5.94
17.6	-11.9
-42.1	30.2
-39.6	30.1
-19.9	17.1
-20.7	3.89
-20.4	8.87
-20.2	9.1
-23.1	8.08
-30.4	12.1
-18	5.13
-29.6	14.1
-23.6	14.5
-23.7	14.6
-20.6	6.4
-19.7	5.92
-19.2	5.1
-19.2	4.61
-22.5	8.74
-22.1	1.81
-21.6	12.2
-21.6	6
-22	5.57
-22.6	8.07
-22.8	8.3
-20.2	6.36
-20.8	6.08
-13.8	7.21
-14.4	3.57
-18.9	10.9
-20.2	7.41
-21.6	5.6
-21.8	7.72
-22.1	7.99
-18.7	11.6
-19.5	13.8
-21.9	6.05
-21.9	8.39
-21.1	10.2
-21.6	9.84
-23.4	7
-22.7	7.23
-13.5	17.6
-40.6	21.2
-22.3	2.76
-22.9	2.93
-37.7	12.8
-32.8	13.3
-33.6	12.8
7.68	35.4
-32.9	13.8
26.5	-19.7
-11.2	24.9
-44	15.9
-9.49	14.7
6.02	-5.77
-44.7	13.9
-10.5	1.72
-44.8	0.524
-44.3	15.1
-42.8	-3.2
-40.8	-5.03
-38.2	-4.88
-47.2	1.45
-40	-4.75
-19.2	3.42
-45.9	14
-18.1	14
-43.8	-12
-43.7	15.6
-48.7	12.2
-41.5	-4.66
-50.5	16.5
-37.4	-0.812
-38.5	-4.21
-44.1	-0.505
-19	19
-39.7	-0.0204
-42.8	-0.317
-47.1	15.9
-18.3	4.58
-18.6	-0.256
-46.8	14.7
-38.9	-0.384
-44.6	0.21
-44.1	-0.0674
-46.3	14.1
-44	15.6
-38.5	-0.198
-2.01	37.4
-14.7	19.3
-35.2	10.7
-47.5	0.24
-48.8	1.2
-52.4	-0.913
-51.7	-1.23
-42.7	-4.09
-48.3	3.64
-50.8	2.9
-51.3	4.63
-57.4	-2.2
-52.2	4.09
-50.8	3.02
-52.4	3.46
-52.6	-1.22
-50.6	4.09
-58.5	2.63
-52.7	3.55
-41.1	-5.06
-49.9	0.877
-36.1	10.2
-38.4	10.2
-52.3	3.93
-42.6	-0.53
-48.1	-0.154
-36.2	10.3
-49	4.33
-43.9	12.1
-50.6	8.21
-47.9	0.967
-59.3	4.27
-52.1	-0.238
-50.8	8.26
-50.8	3.65
-48.7	13.2
-49.3	13.8
-52.3	-1.1
-50.2	10.6
-47.8	-0.504
-52.5	4.76
-53	5.13
-50.2	1.92
-49.5	3.72
-48.5	12
-49.1	3.61
-57.3	9.12
-53.3	3.29
-50.4	3.93
-58.7	1.22
-48.4	11.7
-7.51	41.7
-51.8	4.67
-52	3.62
-53.7	4.85
-49.4	3.46
-52.1	3.03
-46.2	12.1
-48.2	14.2
-44.3	20.6
-45.4	-4.3
-44	0.571
-44.8	23.6
-36.2	12.7
-38.7	9.27
-32.3	11.7
-45.8	14.5
-39.6	8
-53.3	24.1
-45.2	24.6
-46	23.3
-33.1	12.2
-47.5	13.2
-36.6	31.8
-48.3	13.9
-53.3	18
-53.2	24.4
-53.2	24.2
-48.1	24.2
-32.3	12.3
-4.71	40.9
-6.23	40.2
-12.4	2.51
-6.13	40.2
-33.5	12.1
-37.4	10.8
-46.7	1.49
-40.8	-3.01
-41.2	-3.58
-37	10.4
-47.5	14.7
-50	10.9
-47.3	1.53
-39.9	12
-47.2	0.594
-40.3	-3.31
-36.6	10.8
-40.1	-3.49
-19	10.3
-20.4	11.1
-18.4	10.5
-19.7	16.4
-19.6	8.33
-21.5	9.94
-17.7	10.6
-17.9	11.1
-13.8	25.1
-14.1	25.1
-13.1	7.9
1.28	33.7
-19.8	19
-32.7	14.3
-32.9	12.8
-17.9	16.8
-43	-0.711
-28.2	-36.1
-37.3	-5.77
-17.7	16.4
-31.9	5.51
-40.1	29.5
-42.1	-1.39
-19.7	18.8
-43	26.5
-42.7	29.7
-2.91	48
-29.8	35.4
-11.1	25.6
-40.9	37.4
-13.8	25.9
-8.93	20
-8.81	20
-36.1	43
-41.7	34.6
-36.4	42.3
-14	26.5
7.49	-5.91
6.67	-5.78
-13.9	13.2
-11.2	2.7
7.59	-6.06
7.32	-5.38
6.94	-6.42
6.6	-6.27
-41.1	-6.31
-14.6	15.1
-18.8	-12.8
-14	13.4
-14.6	5.69
-8.58	7.21
-43.9	-12.7
-11.1	2.13
6.41	-6.79
5.33	-6.76
7.89	-5.71
-48.5	-1.25
-49.1	-1.66
-1.01	44.9
-0.806	45
-11.2	2.97
-51.7	5.92
-52	5.07
-51.1	3.37
-52.3	4.61
-53.1	4.83
-53.4	5.05
-24.3	7.08
-31.9	12.6
-20.5	11.5
-30.3	13.8
-21	7.6
-22.5	6.34
-18.4	11
-23.6	14.6
-22.6	9.01
-20.7	10.9
-21.9	8.62
-20.5	7.52
-22.3	8.98
5.87	-6.36
-39	-0.425
-39.6	-2.94
-40.7	18.8
-40.8	19
-49.4	13.3
-21.9	27.6
-6.38	40.1
-7.89	-72
-21.7	13
-6.93	50.6
-17.7	19.5
-23.6	7.49
-28.1	50.7
-29.8	51.6
-29.8	51.6
71.9	24.1
5.1	-4.1
-29.7	21.9
-11.5	68.7
-37.6	13
-52.1	-0.245
-52.6	-1.22
-20.9	13
-21.7	5.5
-22.5	10.7
-34.1	-2.24
-32	5.21
-14.6	10.6
-24.3	5.3
-52.5	-1.77
-32.5	13.5
-7.53	41.7
-51.3	3.57
-6.41	50.6
-23.7	6.9
-15.6	-5.55
-17.4	-12.9
-43.4	30.8
-15.6	-5.65
-15.6	-5.49
-22	9.2
-46.2	-0.408
-44.1	-0.272
-51.4	17
-51.4	19.2
-52.9	-1.65
-60.7	2.86
-34.2	-2.08
-36.3	12.7
-35	12.2
-35.8	11.5
-47.6	13
-50.7	12
-49.5	21.7
-45.5	-0.544
-42.5	-6.32
-21.6	9.74
-41.7	-6.57
-47.4	12.8
-41.6	-6.6
-46	-1.02
-19.7	5.67
-8.13	18.2
-17.1	1.47
7.95	-4.63
-43.8	-12.8
-43.8	-12.8
-59.5	-6.42
-44.2	-4.44
-46.7	13
-22	16.6
-30.6	11.6
-18.4	4.22
-45	15.1
-32.7	12
-5.7	40.9
-4.85	42.1
-47.7	-6.99
-59.1	-4.3
-4.23	43.1
-4.68	42
-39	1.04
-4.68	41.9
-48.2	-7.49
-48.8	-8.48
-3.99	42.9
-4.18	42
-61.1	-15.6
-6.28	44.3
-7.52	13.7
-46.9	-5.96
-7.61	49.4
-11.5	25.5
13.1	-10.8
-58.3	-11.4
-63.8	-8.81
-61	-9.77
-55.5	-13.7
-56.8	-12.9
-57.6	-13.3
-56.5	-13.5
-57.5	-13.1
-55.7	-13.7
-56.8	-13.4
-56.2	-13.8
-55.9	-13.7
-61.6	-10.5
-62.3	-10.2
-55.3	-13.6
-55.3	-13.6
-58.6	-13.7
-54.2	-12.7
-43.3	0.226
-53.6	-12.8
-61.6	-9.17
-61.5	-6.37
-59.3	-14.2
-66.2	-7.54
-55.5	-14.8
-61	-15.5
3.45	2.23
-55.3	15.6
-59.8	1.97
-47.4	13.6
6.3	-3.82
-60.2	-10.6
6.16	-3.85
-57.3	-12.6
5.02	-2.83
-47.7	-15.8
-49.5	-14.9
-53	-13.1
3.7	2.28
6.12	-3.38
4.22	0.232
-61.1	-15.1
-16.7	-8.91
-47.9	14
-41.4	36.4
-41.5	36.4
-6.14	50.2
-6.36	50.6
-4.71	50
-38.6	30.3
-1.64	47.4
-6.17	40.2
-3.58	43.9
-17.8	3.64
-51.5	4.87
-50.8	4.91
5.66	-6.52
-51.3	3.68
-63.8	0.028
-52.3	5.4
-59.3	-6.49
-47.6	26
-46.7	14
-7.02	50.7
-56.9	15.4
-34.3	-2.09
-50.9	17.7
-33.1	10.1
-53	15.4
-45.7	0.00464
-52	16.5
-46.8	-9.19
-58.6	0.233
-34.2	12.8
-23.6	44.1
-31.2	12.4
-39.1	11.6
-32.2	16.3
-39.3	8.12
-23.9	42.6
-20.9	4.83
-40	-3.6
-20.8	14.2
-37.9	29.8
-36.2	10.9
-22.5	7.43
-51	19.6
-43.7	31.8
-59.1	-12
-42	31.7
-3.73	-73.5
4.04	53.4
-3.64	-73.7
-44	30.4
4	53.4
-62.2	12.5
-62.4	12.3
-61.5	0.786
-62.3	11.2
-62.5	12.5
-53.4	11.5
-61	0.495
-61.7	0.918
-65.7	-4.52
-60	15.4
-58.9	-1.89
-59.7	-1.93
-10.5	16.6
-10.6	17
-4.24	48.4
-4.25	48.5
-5.62	49.1
-42.1	29.3
-60	13.4
-59.3	13.9
-65.6	-5.8
-51.2	5.84
-54.2	6.76
-48.7	21.7
-35.5	9.4
-53.5	-18.5
-53.7	-20.2
-54	17.1
-55	13.3
-55.7	15.6
-55.8	16.2
-54.8	16.7
-56	15.9
-56.9	15.3
-58.4	14.2
-54.4	16.9
-55.6	14.1
-47.6	3.94
-46.6	25.8
-56.6	11.1
-46.6	22.4
-45.1	2.78
-57	-0.169
-53.1	26.8
-69	1.58
-56.4	8.46
-57.6	10.2
-60	4.63
-6.35	42.4
-33.2	10.9
-59.8	7.03
-63.3	12.7
-43.5	-2.59
-46.7	25.6
-46.3	26.6
-46.9	26.4
-56.9	15.4
-58.7	14.9
-58.5	15.2
-51.9	28.1
-55.6	15
-52.1	28.5
-59	15.4
-49.4	-8.32
-61.2	5.12
-50	-12.6
-53.2	-14.9
-58.3	2.65
-55.1	-16.2
-63.1	14.6
-39.5	0.598
-63.2	12.8
-49.4	-8.32
-51.1	28.5
-54.1	33.9
-62.3	13.3
-58.2	6.94
-58.2	7.19
-48.5	-6.19
-64.1	-13.4
-66.8	-6.4
-53.9	27.6
-62	13.4
3.94	32.3
1.71	35
2.37	34.3
-54.3	-15.6
-52	-15.9
-62.5	13.9
9.27	20.2
2.78	32.7
7.25	23.3
20.8	-2.09
-59.7	8.41
-54.2	-16.7
-56.4	0.246
-57.7	3.42
-49.5	-7.93
-56.2	-16.4
-56.6	0.485
-62.8	-12.5
-54.8	-15.5
-54.7	-15.7
-54	-16.1
-61.2	11
-62.2	11.2
-58.4	2.54
-52	-15.3
3.73	-4.14
4.16	29.8
-59.4	15.3
-51.2	-16.6
-48.9	34.7
-59.7	8.39
-62	-13.1
-60.9	14.2
35	-50.9
11.2	22.7
34.7	-50.6
-45.9	3.67
-60.1	11.4
-58.6	13.3
-43.9	1.98
17	-3.64
5.46	-4.62
-64.1	-13.4
-60.6	15.1
-60.9	14.3
-62.4	7.87
-67.2	-3.94
4.64	-4.93
-61.6	14.5
-65.1	-8.87
-58.9	12.4
-60.9	10.3
-59.6	2.21
-60	11.7
-57	1.75
-62.5	-12.9
-62.6	-13.2
-53.9	27.6
-57.3	3.1
-59.7	-14.2
-59	10.7
-57.9	12.6
-62.6	8.37
-56.7	-14.6
-26.6	42
-58.8	12.5
-55.1	-18.7
-62.6	-13.2
-56.8	0.302
-61.4	9.54
-59.1	11.2
-61.3	10.5
-53.2	-16.2
-68	-3.22
-46.5	38.1
-46.5	38
10.4	23.1
-29.1	31.6
6.92	22.5
-54.2	-11.9
-48.6	-3.5
57.2	7.5
-43.8	42
47.8	14.3
-25.4	-13.8
-55	-15.8
2.08	34
21.1	-2.48
-49.1	-7.43
34.8	-50.6
18.3	-2.61
-51.2	-13.6
-47.8	-5.81
10.4	21.5
10.4	22.3
35.3	-51
12	21
-51.5	-12
10.9	21.1
-53.6	-16
11.4	21.2
21.3	-1.64
-43.6	33.8
35.5	-50.8
35.2	-50.9
6.87	22.9
-54.3	-16.3
11	21.2
10.9	22.1
11.2	22.3
11.3	22.6
11.7	24.6
12.4	24.9
-59.1	2.93
67.3	18.6
30	9.53
11	22.8
-38.7	1.8
11.5	23.4
-40.4	-0.0163
12.2	23.3
-27.6	50.4
-48.8	-7.38
-59.2	-4.29
-56.1	-14.8
-56.3	-14.8
11	22.9
11.2	21.7
35.5	8.89
34.8	9.23
35.5	8.72
-56.2	11.6
-59.7	12.6
-58.8	11
-46.2	-6.59
-52.4	-7.93
-63	6.43
-54	-12.6
-52.4	-13
5.43	-4.2
-60.7	11.2
-59.1	10
-62.2	10.6
-59.8	6.22
-63.8	-13.3
-65.1	-9.01
-62.1	-13.9
-61.3	-13.3
4.95	31.1
57.3	1.09
4.46	30.5
-59.7	11.1
-53.6	-20
1.87	32.9
3.97	31.6
-52.8	-19.9
-52.7	-19.9
-53.2	-20.1
-60.9	13.7
19.2	1.37
65.3	9.25
59.3	0.908
-61.9	-13.1
5.5	21.7
15.5	-3.44
-65.3	-9.57
1.95	-6.59
3.37	-5.54
3.58	-5.6
-56.1	1.57
-62.2	-13.6
3.93	-5.93
-5.21	4.32
-62.1	-13
-61.5	-13.3
-59.9	-13.6
-55.1	-18.7
-50.5	-14.2
56.2	-0.708
-55.1	-18.7
23.1	1.81
-54.9	-18.6
-43.5	34.1
35.4	-50.8
-53.6	-16.2
11.1	21.4
-43.7	33.8
35.4	-50.8
-57	-15.2
11.2	21.6
-24	46
-23.7	45.4
-23.9	45.7
-43.6	34
35.4	-50.8
-52.2	-13.5
53.8	-1.6
-58.3	-16.1
-54.7	-16.9
-54.7	-16.8
-53.7	-16.6
-58.4	-16.2
20.2	-4.33
-46.9	-5.73
2.42	-6.06
2.58	-6.19
2.7	-6.34
-46.1	18.1
3.41	0.357
-5.14	4.5
-62.3	-12.8
3.93	-5.3
2.92	-5.95
-50.2	-14
-54.9	-18.8
2.76	-2.83
-51	-16.2
4.81	-4.69
-58.4	3.31
-55	-18.8
-54.9	-18.6
-55	-18.8
-52.8	-8.49
-52.4	-7.94
-52.5	-16.7
-56.5	0.834
-55.3	-15.9
-5.55	42.9
-53.6	-16.5
19.8	4.35
5.12	21.5
-67.6	-1.26
-48.5	21.8
-56.5	14.5
-45.1	4.58
-55.7	15.8
-55.2	16.3
-67.8	4.63
-67.5	5.34
-49.1	-10.3
-66.3	0.51
-57.1	9.21
-60.2	12.1
-46.8	24.1
-46.6	26.3
-56.7	9.43
-46.8	26.7
-61.4	12.3
-42.2	4.2
-59.4	5.29
-54.4	17.9
-55	12.3
-21.7	3.32
-51.6	23.6
-51.1	23.7
-27.1	34.4
-30.6	18.5
-49.5	-8.52
-43.1	4.57
-5.27	58
4.62	53.7
-25	45.8
-8.87	50.9
-41.6	14.9
-16.1	-1.44
-58.9	6.53
-58.4	6.47
-46	-2.53
-53.3	-21.8
-44	41.8
-43.6	34.1
-52.9	-12.6
-52.4	-13.4
-52.4	-13.2
-52.2	-13.2
4.54	-5.36
4.7	-4.16
-42.2	4.57
-51.7	6.26
-46.9	12.3
-46.5	23
-55.2	13.6
-56.9	9.46
-56.9	9.46
-56.9	9.45
-42.8	-2.1
-42.8	-2.1
-32.3	12.7
-46.7	25.6
-46.3	26.6
-46.4	26.2
-46.9	26.4
-61.4	12.3
-51.9	28.1
-52.1	28.5
-55.1	12.3
-51.2	23.7
58.8	0.943
-47.5	13
-58.1	11.9
-48.3	39
-47.9	38.4
-49	-8.3
4.2	35
-52.6	-16.9
12.7	20.7
24.4	17.3
68.4	19.1
24.6	16.9
23.4	16.8
23.2	16.3
24.4	16.2
23.5	16.6
22.7	16.1
23.3	15.8
23.8	16.6
24.2	16.3
24	15.9
24.2	16.3
4.16	1.3
3.96	1.46
-3.13	18.8
26.9	19.1
69.2	6.32
22.7	16
24.4	16.3
24.1	15.9
-58.6	8.08
-23.4	45
2.98	32.8
1.83	32.9
-57.1	12.5
-56.4	29
-55.8	32.3
-57	12.6
-58.9	-15.2
-54.7	-15
-55.3	-16.8
-23.9	44.8
-58.8	10.1
3.4	0.398
-50.9	-17.5
-58.3	7.24
-60.9	12.8
41.2	-5.16
-57.7	3.89
71	14.8
-53.8	-20.3
-45.7	35.2
27.1	-36.2
-51.3	-13.3
-45.1	21.9
-44.8	19
26.1	-1.24
-43.3	25
-43.4	24.6
34.3	-2.68
-42.9	24.9
-44.6	23.5
44.9	2.36
-45.3	20.1
14.3	-10.8
-46	21.4
-33.2	18.5
-44.3	-5.77
-42	14.4
-45.4	20.9
-31.5	15.3
-42	38.1
-41.6	37.4
-41.3	37.4
-52.7	-12.7
-43.5	3.56
25	1.57
46.8	6.18
-45.2	22.2
32.6	-4.85
-46	36.7
41.7	-5.44
-44.2	28.8
-46.2	24.7
31.9	-4.4
-45.7	30.1
-45.6	21.8
31.9	-4.22
-31.2	16.5
27.1	-17.4
-31.3	17.4
27.9	-18.2
-30.7	17.5
27.5	-17.7
-31.1	16.4
27.1	-17.4
-31	16.3
27.2	-17.4
-45.3	-5.91
56	-1.95
22.3	-1.28
-46.3	42
-45.3	-4.88
-45.6	24.4
-45.3	29.5
-45	18.9
-44.6	-3.03
-31	13.3
-44.6	23
-51.6	-13.4
-44.9	26.1
-44.4	24.3
-44.7	24.6
-44.4	22.9
-45	29.4
-45.6	25.4
-44.9	27.3
-45.2	29.9
-46.7	39.6
-45.2	38.3
-44.8	25.5
-31.6	14.4
-41.1	37.3
-31.4	14.3
-31.9	14.3
-37.8	13.3
-3.99	-51.2
-45	28.3
35	-2.41
-46.7	24.2
-45.6	21.1
26.5	-5.44
-29.9	13.8
27.2	-17.7
-29.7	13.4
26.9	-17.5
26.5	-16.2
26.6	-16.2
-31.9	17.3
27.2	-18.5
-31.3	18.1
27	-18.8
-30.8	17.6
27.2	-17.8
-44.6	21.8
28	-6.19
-32.6	17.9
28	-18.8
-32.5	17.3
26.9	-17.7
-34.9	10.3
-44.5	20.7
54.5	-2.07
-44.7	-5.54
22.9	-0.314
-65.2	0.274
-31.9	17.3
27.2	-18.5
-31.3	18.1
27.2	-18.9
-44	22.2
28	-6.19
-44.2	25.1
32.2	-11.4
-44	-4.23
-45.6	22.8
-45.6	23.1
-46.1	28.6
-44.8	-2.12
54.7	-2.19
35.2	-15.5
-44.9	25.4
24.2	-37.4
-45.3	27.1
24.4	-37.4
-41.3	27.2
33.7	-9.97
-31.3	18.1
27	-18.8
28	-18.8
-45.4	19.9
-46.4	21.2
-46	21.4
-33.2	18.5
-45.4	20.9
27.2	-18.5
-31.5	15.3
-42	38.1
-41.6	37.4
-41.3	37.4
46.7	6.18
27.1	-17.4
-27.3	15.5
22.9	-5.01
-44.1	18.6
25.4	-5.37
-42.5	3.21
22.9	-5.01
-44.8	-4.44
-44.9	-3.73
24.3	-1.2
-43.1	1.04
25.9	-1.88
-45.3	-4.56
23.7	-0.97
-45.2	-5.24
23.3	-0.764
-43	-2.02
-44.4	-3.89
-42.5	3.21
25.4	-5.37
22.9	-5
-44.8	-4.4
27.2	-18.9
24.3	-1.2
-31.6	14.4
-31.3	18.1
-32.1	13.8
-44.3	-4.94
-31.9	13.7
-44.4	-3.96
-31.9	13.7
-31.5	13.5
-44.2	-3.65
-31.5	13.5
-31.4	13.6
-44.2	-3.31
-31.3	13.6
-44.2	-2.98
-46.1	22.4
-45.9	22
-45.5	24.1
-45.4	-5.54
-14.6	15.5
-16.4	13.8
-13.8	11.8
-32.1	5.44
-0.836	36.4
-31.6	6.2
-41.1	31.2
-40.8	18.9
-15.4	21.8
-14.9	14.6
-14.7	14.4
-1.07	36.8
2	40.5
-19.6	12.7
-18.4	18.8
-17.1	16.6
-17.3	15.4
-12	2.97
-30.8	11.8
-17.1	-13.7
-45	0.531
4.98	20.2
-34.4	11.1
-48.1	1.61
2.9	20
3.42	20.4
5.48	19.6
-20.1	-26.5
-21	-27.1
32.4	-2.9
-32.7	-23.2
-24.1	35.4
-8.62	-30.6
-14	-20
40.7	37.3
33.6	32.2
39.8	4.48
27.9	38.8
39.9	4.62
37.6	-10.1
-18.4	-32.2
-21.1	-26.8
13.1	-10.8
-15.4	9.59
-14.2	2.4
-13	8.73
-11.9	6.98
-11.9	5.64
-15.2	2.34
-14.4	2.44
-11.9	5.12
-43.1	-12.8
-15	2.14
-13.2	6.6
-14.5	2.21
-13	6.6
-3.11	20
6.11	19.2
-12	7.04
9.66	16.6
-31.1	-28.1
-3.01	-23.7
-8.14	14
10.3	16.7
8.63	32.8
5.96	19.3
9.81	18.2
-12.8	7.27
7	29.9
-17.2	13.3
-14.3	11.8
-16.2	6.62
-12.2	18
-15.4	7.7
-16.5	14.5
-17	5.74
-17	13.4
-11.2	16.7
-6.18	9.96
-11.5	15.8
-11.5	11.2
-12.3	18
-18.5	3.15
-16.4	16.8
-17.2	2.94
-16.4	8.94
-19.5	4.81
-16.1	7.42
-16.9	3.56
-10.1	11.8
-17.8	2.87
-19	3.25
-16.4	2.73
-17.3	2.28
-16.9	-27.1
-11.9	5.06
-16	17
-16.6	2.6
-19.2	1.98
-16.5	3.94
-17.4	10.3
-0.629	11.2
-14.2	7.89
18.7	-1.26
34.3	-1.56
-38.4	29.1
-40.9	1.99
4.82	30.7
6.47	20.7
6.1	29.9
7.62	20.8
28.2	5.26
-20.6	-13.7
30.7	4.12
29.7	1.51
4.74	18.6
-43.2	30.8
-17.5	-53.4
-19.6	-14.6
-12.2	23.6
-11.6	24
-12.5	24.3
-12.3	24.2
-10.8	19.3
-15.4	6.2
4.37	21.5
-6.78	18.2
-6.29	11.6
-16.9	15.7
-15.6	18.2
-16.5	15
-17.7	15.3
-8.59	10.6
-26.9	-45.5
-16.6	5.7
-10.3	11.1
-9.12	18
-7.81	10.3
-9.75	17.1
-8.59	11.3
-20.2	-14.2
3.24	-22
-6.8	10
-13.5	-13.8
-9.01	11
-12	-14.4
-3.64	-31.5
7.06	-35.7
-27.3	-45.1
-19.1	-14.5
8.12	22.2
-18.2	-14.3
-18.4	5.68
-10.4	11.2
-15.7	2.68
-16.4	5.11
-16.7	2.65
-16	5.76
-26.9	-46.2
-13.8	-14.1
-18.3	3.03
-8.14	13.9
-13.7	9.41
-3.03	12.7
-13.6	9.62
-13.7	9.4
-11.9	6.98
-12.3	8.62
-11.6	7.97
-31.1	-28.1
-3.07	-23.7
-10.8	7.4
-13.9	21.6
-14	21.4
-15.9	25.1
-12.7	19.5
-12.6	18.7
-9.66	16.5
-12.5	19.8
-11.3	18.2
-15.6	23.7
-11.2	17.3
-11.6	17.5
-9.15	16
-18	15.5
-17.8	15
-15.7	10
-14.3	22.1
-13.9	21.9
-13.7	21.3
-11.9	19.8
-13.7	21.6
-13.7	20.8
-25.1	35.6
-20.2	15.6
-20.2	15.1
-20	21.1
-20.3	14.5
-20.2	14.1
-15.8	11.8
-18.5	16
-18.8	15.6
-19.8	21
-18.4	15.1
-18.6	14.9
-16.1	12.9
-31.8	5.76
-40.4	18.7
-16.2	13.3
-26.8	-45.6
16.8	-3.25
-58.4	-8.59
17.5	-6.58
19.2	-0.812
15.5	-3.44
17.5	-3.5
-17.1	-13.9
-21.3	-51.8
-47.8	-14.8
4.34	0.601
-28.6	-45.3
-10.5	24.3
4.43	19.7
5.14	30.6
3.78	31.2
3.54	30.6
-55.2	32.5
4.13	19.8
4.39	19.7
-13.3	20.4
-25.6	-43.6
-17.3	-7.9
-10.7	18.2
-9.63	13.2
11.9	-3.6
-23.8	-12.3
58.8	-0.38
-23.8	-12.4
-7.87	11.5
-9.73	11.8
-8.39	12.2
-10.3	19.8
-16.9	20.9
-10.6	18.1
-10.5	24.4
-50.7	18.2
-26.8	-44
-27.8	-35.6
-10.7	12.5
-21.4	-2.42
67.6	0.77
21	3.92
36	11.9
65.5	32.2
16	18.6
16	18.6
-8.2	11.6
-1.02	37
-40.7	1.75
-15.1	22.4
-43	-6.89
-20	-15
-43.7	1.36
-16.8	2.82
-15.5	3
-15.3	6.73
-16.5	14.5
-10	13.2
-16.9	4.99
-12.9	19.4
-16	5.3
-14.2	11
-26	-46.8
0.892	-38.4
-3.72	-23.3
5.08	0.77
4.73	0.495
11.3	-2.2
7.06	-3.09
-16.2	13.4
-15.6	13.7
4.39	20.2
4.81	20.1
-50.8	18.8
18.8	-1.62
-25.6	-46.7
-25.4	-47.4
-43.3	31.3
20.2	-0.0571
-26.7	-46.8
-28.5	-45.1
-49.7	17.8
3.16	-63.6
1.76	-53.3
3.53	-48.6
-13.7	-57.1
-54.8	-4.42
2.63	-63.4
2.21	-53.5
1.3	-53.1
-16.5	-46.7
-16.7	-45.7
-16.6	-42.6
-23.6	-41.9
-25.5	-42
-22.4	-38.1
-22.1	-35.2
-26	-28.6
-29.3	-26.6
6.54	-53.1
5.01	-48.3
-54.7	-5.33
0.827	-43.7
-6.7	-41.7
-19.3	-33.1
-22.4	-27.7
-23.8	-23.6
-23.9	-23.6
-7.3	15.7
-9.74	15.1
11.7	18.1
5.59	-60.8
3.93	-48.8
3.37	-47.5
-14.4	-55.4
-43.7	12
-18.8	-50.4
-18	-32.3
-24.3	-39.6
-25.1	-39.7
-15.2	25.6
-13	21
-14.2	23
-14.3	22.5
-12.3	19.5
-13.7	20.8
-11.6	18.7
-11.6	19.1
-18.5	14.8
-19	17.7
-18.3	14.8
-19.1	17.8
-14.4	9.48
-3.03	12.7
-16.6	24.6
-11.3	7.86
-15.6	21.4
-15.7	22.3
-15.6	22.4
-11.2	17.1
-11.5	17.8
-15.4	21.2
-11.6	17.4
-11.4	16.6
-7.25	18.2
-7.31	18.3
-7.56	18.4
-9.21	16.8
-7.43	18.2
-18.6	17.1
-10.4	14
-10.5	12.3
-18.3	-30.1
-40.9	1.89
-9.91	3.79
-18.2	17.8
-14	22.3
-6.16	9.21
-5.7	8.82
-7.78	9.65
5.98	-25.6
27.4	-2.62
12	-52.5
12.2	-53.3
-8.24	-70
-5.43	9.19
-5.97	-25.4
38.9	7.81
37.2	2.44
34.1	0.0577
36.1	5.52
14	0.198
15.3	-8.01
-16.9	14.5
-16.2	11.1
38.5	7.45
30.3	0.851
-19	14.6
-11.9	17.5
32.6	-5.55
29.8	0.595
14.5	-8.11
21.3	-5.6
9.51	18.8
29.5	-4.77
31.4	1.16
38	4.76
26.6	16.1
9.68	19.2
-15.5	1.99
-20.5	6.9
28.2	-8.9
-23.6	6.48
57.3	-4.3
61.2	-0.605
57	6.98
34.8	10.9
32.5	18.5
27.9	18.8
56.9	-4.49
33.4	9.63
33.7	9.9
29.4	15
12.5	-1.41
17.1	1.91
10.1	-3.14
12.8	-1.52
12.2	-1.84
13.6	-0.962
13.2	-1.31
13	-1.2
63.7	-2.69
58.4	-4.23
-0.796	44.7
-12.6	4.79
-13.5	3.05
6.04	22.3
30.3	-6.73
30	-6.33
-34	20.7
-19.3	6.81
-19.3	15.6
-19.4	16.2
-10.6	19.9
46.6	6.17
37.2	-8.16
33	-3.8
6.57	20.8
21.8	-4.39
7.77	-35.3
-15.8	12.4
-15.6	-30.1
-22.4	-39.5
11.2	17.7
9.27	19.1
-13.9	-38.6
10.2	54.9
27.9	-0.655
29.1	10.7
53.6	-3.38
20.5	50.4
36.9	-10.4
13.5	35.5
12.5	54.7
30.5	37.9
-53	-13.2
27.8	-0.914
55.3	-4.45
27.9	-1.51
31.7	-6.29
32.7	-7.27
29.2	11.1
31.7	-6.3
8.37	18.3
23.9	47.8
-44.3	-3.09
23.7	-2.16
17.1	-60.8
-6.44	-35.5
-22.9	-35.6
-3	-36
-21	-38.4
-7.05	-33.4
-23.8	-33.1
-6.74	-35.7
-23.8	-35.7
16.5	-56.5
-1.13	-58.4
18.2	-57.8
0.799	-60.3
15	-49.3
-2.8	-56
15	-56.5
14.6	-55.5
-3.07	-55.6
15.3	-56.9
-1.5	-60.1
4.76	-39
-12.1	-42.3
6.74	-47
-10.9	-45.5
13.8	-55.4
-5	-57.2
15.7	-56.4
0.603	-60.1
13.6	-55
-6.23	-56.5
17.6	-57.3
0.178	-59.1
15.2	-49
-1.89	-55.9
17.5	-57
-0.131	-59.2
15	-56
-3.27	-56.6
5.25	-39.9
-11.5	-43.1
14.7	-55.9
-1.68	-58.9
14.7	-55.4
-3.26	-56.8
-0.551	-56
4.95	-41
11.1	-41.2
5.79	-41
-13.1	-42.1
-11.4	-44.6
-12.2	-42.8
12.7	-47.6
15.8	-47.5
13.9	-47.7
-11.2	-50.7
-7.86	-53.1
-9.96	-52.1
9.42	-47.8
14.9	-50.7
12.4	-48.3
-8.04	-54.5
-5.86	-56
-7.29	-55.1
-7.25	-56
-3.97	-58
-5.84	-56.8
17.6	-60.4
20.4	-56.8
18.6	-59.6
-6.13	-54.6
-4.97	-56.6
-6.83	-53.1
19.1	-56.4
19.7	-55.7
18.7	-57
-11.4	-44.1
-9.79	-43.3
-10.9	-43.8
-22.4	-28.7
-4.15	-34.7
-10.6	-31.7
0.804	-39.6
-2.18	-36.3
2.27	-40.8
-12.1	-42.5
-13.9	-42.1
-8.77	-41.8
4.38	-39.6
2.94	-38.9
5.51	-40.5
16.8	-60.6
17.5	-60.9
-10.2	-34.4
-10.9	-34.3
-9.4	-34.7
-21.4	-30.8
-22.2	-30.5
-14.6	-31.1
-13.3	-49.4
-13.9	-49.1
-10	-52.5
18.1	-58.9
17.1	-59.9
19.8	-56.7
-23.3	-27.2
-24.8	-25.3
-22.3	-29.8
-9.11	-29.4
-9.8	-29.4
-8.04	-29.3
-8.95	-53.4
-9.5	-52.9
-8.08	-53.6
-22.7	-28.2
-23.1	-27.3
-22.2	-30.1
-2.29	-35.4
-2.96	-35.4
-0.318	-34.8
-22	-32.9
-22.6	-32.2
-20.5	-34.2
-7.54	-33.6
-8.08	-33.3
-9.51	-32.2
-5.12	-33.3
-4.95	-33.9
3.34	-37.5
10.3	-34.7
9.4	-34.7
11.5	-34.8
11.2	-35.4
10.8	-35
11.8	-36.2
-7.96	-36.1
-9.18	-35.1
-6.19	-37.2
-5.19	-34.3
-9.51	-32.7
-4.05	-35.4
-10.1	-32.1
10.6	-34.7
-10.9	-31.7
9.9	-34.4
-5.63	-34
11.6	-35.4
-22.5	-31.4
0.406	-30.4
-23.1	-30.3
-0.0616	-30.2
-20.6	-35
0.787	-31
-4.08	-34.7
11.4	-35.6
-4.74	-34
10.7	-35
3.44	-37.5
12.1	-36.3
-24.3	-29.8
-9.03	-24.4
-25	-29.2
-10.7	-24.3
-23	-31.4
-7.33	-24.5
-23	-23.6
-22.2	-23.9
-22.7	-23.8
-22.1	-23.5
-20	-23.8
-21.3	-23.7
-10.3	-23.1
-10.8	-23.1
-9.65	-23
-21.6	-23.5
-18	-25.7
-20.2	-24.2
-20.4	-24.4
-21.6	-23.8
-18.2	-25.6
-9.33	-23.5
-10	-23.1
-8.13	-24.2
-11.2	-31.7
-11.8	-31.5
-10.1	-32.4
3.53	-30.3
1.5	-30.3
9.54	-34.2
-15.3	-43.6
-23.1	-30.1
-23.6	-29.3
-22.6	-32
-8.28	-24.5
-8.77	-24.1
-7.22	-25.4
-17.7	-26.2
-19.2	-24.9
-11.5	-31.7
-7.97	-24.2
-9.02	-23.6
0.413	-30.1
-28.9	-22.4
-29.6	-21.8
-27.8	-23.5
-23.7	-18.7
-24.4	-18.9
-22.3	-18.2
-1.29	-60.1
17.1	-58.1
-3.93	-56.3
-5.78	-55.6
-2.53	-59.1
16.8	-57.7
15.5	-51.4
18.2	-56.9
-6.99	-55.1
-8.92	-53.8
-4.24	-60.6
-7.1	-54.6
-9.31	-53.2
-3.56	-59.7
8.29	-59.5
8.4	-57.6
16.7	-57.9
-1.2	-61.6
-1.61	-61.3
-0.222	-64.2
-0.674	-60
-0.247	-65.1
17.7	-58.5
18.9	-58.7
16.8	-59.1
16.2	-58.7
17.7	-61
-18.1	-43.3
-19.1	-42.2
-13	-45.7
1.7	-47.8
1.01	-47.4
3.61	-53.2
-7.77	-63.1
-8.59	-63.1
-4.73	-57.9
-2.04	-61.1
-4.8	-56.3
0.513	-59.1
-17.8	-45.1
-17.6	-46.3
-18.2	-43
0.982	-41.3
0.158	-40.9
2.09	-47.5
-17.8	-46.7
-18.9	-44.5
-13.8	-50.9
-14.8	-49.7
-17.8	-46.6
-12.4	-51.8
0.953	-47.5
-4.9	-47
3.48	-53.5
8.88	-1.89
16.5	3.7
10.9	-0.489
-69.6	-5.79
-72.2	-1.52
-72.7	-0.932
-72.7	-0.958
-73.6	-0.198
-73.3	-0.494
15.8	2.88
16.6	4.2
10.3	-1.38
10.9	-0.578
15.4	2.52
16.8	4.24
16.6	4.39
8.71	-1.92
9.49	-1.77
-46.1	-15.2
8.89	-1.82
-46	-15.2
16.8	4.48
9.81	-1.74
16.4	3.57
16.7	4.37
6.58	-1.67
-47	-13.3
-45.9	-15.5
-56.8	-9.76
8.23	-2.01
21	-58
20.3	-58.1
21.6	-58.3
20.8	-58
20.3	-57.9
21.4	-58.1
20.7	-58.7
20.3	-58.2
21.4	-59
20.9	-58.2
20.3	-58.2
21.4	-59
12.8	-50.9
12.3	-50.3
13.5	-52.4
9.32	-47.3
6.52	-45.3
12.6	-49.7
13.1	-51.2
12.7	-50.6
13.6	-52.5
-3.47	-62.3
-5.42	-61.7
-2.51	-63
-0.473	-66.8
-0.762	-66.7
-0.22	-66.8
-0.707	-68.3
-1.05	-68.2
-0.307	-68.4
21.4	-58.4
20.8	-58.6
21.9	-58.7
21.4	-58.4
20.8	-58.6
21.9	-58.7
21.1	-59.1
20.6	-58.7
21.8	-59.2
21.1	-59.1
20.6	-58.7
21.8	-59.2
14	-52.3
13.6	-51.6
19.2	-57.9
13.6	-50.8
12.8	-50.1
14.6	-52.1
14	-52.3
13.6	-51.6
19.2	-57.9
-2.66	-62.5
-3.44	-62.2
-1.52	-63.7
-0.666	-66.9
-0.294	-67.1
0.186	-67.2
-0.483	-68.5
-0.726	-68.5
-0.11	-68.7
14.6	-52.1
12.8	-50.1
13.6	-50.8
1.1	-40.6
-2.11	-37.5
-23.2	-35.9
-18.1	-43.7
-20.7	-38.9
-10.2	-51.5
-4.38	-56.8
-7.7	-53.6
-2.65	-37
2.43	-32.3
20.3	-44.9
-11.3	-22
2.69	-31
1.52	-32.3
21	-45.1
20.6	-44
1.68	-31.5
-14.7	-40.4
14	-39.5
6.46	-55.6
21.7	-45.7
2.61	-30.3
15.9	-41
-7.13	-27.7
14.6	-40
-2.94	-64.1
24.5	-51.9
9.1	-33.4
22.8	-44.7
20.3	-45.5
-70.7	0.662
-72	0.635
6.06	-74.4
0.365	-54.3
8.13	-73.6
7.38	67.6
7.67	67.6
15.4	-33
22	-44.8
2.49	-30.6
13.4	-37.2
-2.55	-40.7
15.5	-41.7
-7.66	-60.7
-8.14	-45.9
15.1	-40.4
-74.9	1.7
-74	1.1
-28.7	-46.6
-28.3	-46.6
-8.08	-60.9
4.12	-32.3
17.3	-45.5
-14.9	-24.5
-10.4	-25.7
6.02	24.3
15.9	21.4
-7.3	-27.6
13.8	-40.5
-56.1	-6.09
-24.8	-18.5
-11.3	-26.3
13.6	-40.1
-11.2	-25.6
3.83	-33.3
-24.7	-32.6
-7.31	-28.1
6.42	-55.5
20.4	-44.9
1.92	-30.1
13.9	-39.6
-11.3	-26
4.19	-33.4
2.42	-31.2
15.3	-40.3
2.44	-30.6
-7.82	-60.7
17.6	-43.9
17	-43.3
-25.5	-31
-11.6	-25.5
-8.15	-60.9
16.9	-45.3
14.5	-47
0.82	-46.5
2.44	-51.6
1.89	-42.9
-8.56	-62.2
23.7	-50.3
14.3	-50.1
16.3	-58.4
14.2	-49.4
-0.714	-64.9
-19.6	-48.3
-19.7	-40.4
-12.8	-32.2
-9.47	-36.3
0.867	-30.3
-7.69	-23.3
4.35	-55.3
-5.84	-47.2
19.2	-49.8
2.83	-53
3.07	-51.7
-2.26	-60.7
-5.02	-55.8
3.91	-56.4
5	-53.7
-13.2	-44.5
-5	-47
-10.4	-44.7
-4.45	-47.3
-4.32	-59.4
-2.71	-60.2
-12.7	-50.5
-19	-40.1
-24.9	-47.4
4.29	-55.2
-10.1	-45.5
-6.87	-46.4
-3.42	-59.9
18.1	-49.5
2.76	-48.4
4.21	-53.9
-7.64	-62.5
4.27	-45.9
5	-40.9
-9.5	-42.1
-6.17	-47.3
-16.3	-51.5
-7.69	-39.5
-5.72	-32.8
-17.7	-38.8
-14.7	-43.4
-19.9	-45.4
-9.6	-34.5
-13	-26.4
-21.1	-34.2
-17.8	-39.5
-23.5	-37.6
-13.2	-30.1
-20	-22.7
-21.5	-32.7
-18.1	-38.7
-23.4	-37
-13.2	-29.6
17.8	-52.8
10.8	-49.7
18.5	-53.4
17.9	-53.7
-4.72	-60.9
-6.78	-55.8
-2.58	-58.8
-3.22	-58.6
7.76	-39.9
7.92	-40.2
-0.275	-46.8
-9.09	-50.6
18.4	-54
-3.26	-45.4
18.9	-51.4
18.6	-54.8
7.18	-39.8
17.1	-51.8
-8.31	-53.6
10.3	-49
-10.2	-47.2
18.2	-51.3
7.89	-39.4
-11.2	-47.1
-5.73	-55.3
17.4	-52.8
-1.21	-46.3
17.6	-54.7
-3.36	-57.4
18.2	-52.4
17.1	-50.3
18.7	-51.4
-11.9	-45
-5.33	-44
18.2	-54.8
17.2	-54.5
17	-53.7
5.63	-38.3
6.58	-39.6
-2.71	-45.4
-12.5	-45.2
10.9	-48.9
9.86	-48.6
17.7	-52
-8.06	-51.5
9.92	-49
-8.97	-51.8
-5.19	-55.5
-8.29	-52.7
19	-52
19.2	-51.5
-10.2	-47.3
-2.31	-46.2
18.9	-54.8
18.1	-54.9
18.3	-54.4
-6.87	-55.2
33.1	10.8
16.7	-49.9
-2.28	-44.9
11	-47.2
-2.56	-53.9
18.4	-52.1
19	-51.1
18.5	-51.2
19.3	-52.1
-1.7	-48.3
-2.78	-54.7
17.1	-51
17.5	-51.4
-17.1	-25.8
-16.8	-25.7
-23.1	-28.2
-47.2	23
-47.7	22.1
-20.8	30.2
-14.3	66.2
-14.2	66.2
-14.6	66.5
-23.6	44.9
-11.6	66.5
-23.9	45.2
-24.5	46.9
5.41	58.2
-54.8	13.1
-56	12.9
-9.84	62.2
-14.2	66
-13.8	65.8
-24.5	47.1
-12.3	57
-13.1	67.4
-54.9	13
-54.4	13.8
-44	-5.41
-30.9	9.36
-55.7	13.5
-65.3	1.29
-57.7	14.9
-58	13.3
3.78	58.9
-40.8	24.9
-48.2	21.8
-31.9	26.7
-22.3	29.4
-54.6	14.6
-34	11.8
-58.2	15.5
-12.9	46.6
-59.4	5.23
-48.6	23.4
-21.5	30.5
-29.9	33.3
-33.9	12
-5.72	56.2
-61.6	4.37
-26.6	33.2
-22.9	28.7
-57.2	17.7
-8.8	53.6
-6.43	41.4
-59.1	8.15
-46.5	25.7
-38.8	11.3
-49.8	24.6
-60.5	4.1
-57	9.23
58.3	19
51.1	18.5
60.1	20.3
67.3	9.3
67.7	6.84
68.4	3.42
63.3	-1.63
66.8	1.91
67.5	6.12
69.3	9.64
67.8	6.81
65.9	11.4
49.6	13.4
67.7	19.9
66.1	12.4
66.8	16.2
66.2	11.8
65.5	11.5
65.5	11.4
55.4	-5.01
66.6	6.05
50.8	11
-31.5	11.6
41.9	-0.0726
47.4	7.31
36.6	38.3
49.7	13.4
5.02	-4.95
51.3	19.6
50.2	-1.17
10.9	-2.92
18.1	0.652
24.1	0.574
36	-50.5
7.94	19.4
36	-50.6
14.9	-3.04
16.7	-2.43
17.1	-2.42
20.7	0.678
-16.1	-13.8
34.9	38.8
-5.62	49.2
3.13	-2.87
3.17	-2.91
-0.646	41.8
-0.717	41.8
-0.646	41.8
-0.781	41.8
-6.8	49.2
-6.78	49.2
-7.4	49.5
-7.4	49.6
-6.65	49.6
-8.42	49.4
-7.43	49.4
-5.36	52.1
-5.98	49.4
-7.41	49.6
-45.9	-4.88
-4.77	49
-5.28	49
-50.8	-3.03
-4.68	48.8
-4.89	49.1
-3.4	48.4
-4.77	48.8
-8.5	50.1
-8.49	50
-65	-4.58
-65.8	-0.433
-66.1	-3.69
-62.7	-5.88
-62.7	-7.08
-63.2	-2.59
-68	-3.68
-63.6	-5.9
-64.5	-2.67
-63.6	-8.02
-61.1	0.811
-60.6	-3.99
-53.7	11
-56.2	-12.5
-45.4	5.69
-21.9	28.5
-64.5	-8.07
-60.9	-4.48
-22.1	28.1
-59.5	-2.59
-58.7	-5.39
-62.2	12.3
-62.4	11.6
-62.1	12.5
-61.7	3.08
-66.9	-2.96
-66.3	-2.17
-66.2	-4.28
-63.8	-2.36
-64.1	-2.28
-65.7	-0.82
-66.2	-3.3
-64.6	-3.9
-65	-5.28
-61.4	-6.25
-61.6	1.8
-52.9	14.3
-52.7	13.9
-53.4	12.8
-52.4	14.8
-53	12.8
-52.2	13.7
-62	-8.98
-62.2	-8.94
-63	-6.06
-64.8	-4.33
-62.8	-3.78
-65.3	-3.92
-65.2	-5.06
-64.7	-7.13
-65.7	-1.61
-64.4	-3.24
-65.2	-2.23
-65	-3.6
-66.9	-2.8
-66.4	-1.2
-63.2	-5.01
-60.9	1.64
-66.8	-4.29
-62.9	-2.54
-64.1	-3.22
-63.9	-3.16
-62.4	-3.43
-64.3	-3.12
-64.1	-2.65
-65.7	-7.75
-66.8	-2.45
-66.1	-5.01
-66.5	-3.61
-65.4	-2.23
-65.5	-7.86
-66.6	-0.629
-8.1	51.2
-61.6	-1.85
-61.8	-3.95
-8.64	51.5
4.14	58.8
-63	-6.92
-57.7	-11.9
-61.9	-8.78
-62	-7.4
-61.1	4.57
-61.5	1.98
-64.7	-2.02
-60.3	-2.83
-62.4	-2.45
-61.9	7.6
-61.5	-2.15
-60.3	-1.92
-61.5	-3.46
-61.8	-3.57
-60.5	-1.69
-60.9	-2.8
-61.6	-4.82
-62.4	7.87
-66.4	-1.04
-66.9	-1.61
-66.8	-1.89
-67.2	-3.26
-67.4	-2.64
-63.2	-3.24
-61.1	1.63
-62.1	-5.95
-62.5	-5.22
-63.2	-8.16
-52.8	13.9
-52.8	13.4
-52.6	14.3
-53.3	20.3
-61.3	-9.11
-52.6	14.1
-52.9	13.9
-52.8	14.1
-53.6	12
-52.4	12.8
-52.2	14.9
-62.6	-8.84
-52.5	14.8
-52.9	13
-52.3	15.4
-59.8	-5.18
-64.4	-4.08
-61.7	-6.91
-62	-6.41
-63.7	-4.94
-61.1	-2.27
-58.5	-3.49
-58.5	-3.49
-62.6	-8.82
-54	11.1
-54.2	10.6
-52.5	19.7
-47.9	24.9
-45.4	-7.07
-4.07	42.8
-4.3	42.3
-6.76	44.8
-4.65	42.5
-6.17	45.3
-6.41	46.1
-4.49	42.4
-4.23	42.1
-4.18	42
-6.85	44.8
-6.21	44.5
-4.13	42.2
-3.98	42.9
-4.13	42.2
-6.21	44.5
-6.24	45
-6.23	44.8
-6.19	44.6
-6.19	44.6
5.17	54.5
5.13	54.5
5.54	57.1
-37.3	-3.22
-43.6	5.19
-43.6	6.22
-42.4	0.584
-47.2	-4.72
-47.7	21
-4.65	42.2
-6.22	44.5
-63.4	-4.18
-63.6	-5.74
-65.6	-3.54
-64.3	-2.34
-60.4	-1.63
-62.1	-5.95
-65.6	-3.64
-65.7	-3.63
-64.4	-4.08
-61.7	-6.91
-65.6	-3.68
-66.8	-0.256
-64.5	-5.28
-61.5	-5.98
-63	-6.64
-62.5	-5.22
-60.4	-6.64
-61.2	-2.72
-60.8	-2.97
-61.9	-2.47
-62.8	-5.14
-59.8	-5.1
-61.3	-5.52
-61.6	1.96
-65.2	-3.09
-62	-7.4
-46.2	-3.81
-62.2	1.54
-61.9	0.895
-62	-0.202
-64.2	-6.19
-54.9	10.2
-64.7	-0.257
-60.6	-5.66
-60.6	-5.55
-58.7	-2.55
-46.1	-3.93
-57.9	-4.59
-66.5	-4.63
-61.4	-6.37
-64.1	-1.33
-64.1	-1.33
-54.4	0.0741
-54	-0.206
-54.4	-0.0705
-62.6	5.66
-62.7	5.54
-54.1	-0.121
-62.9	-1.3
-4.76	43.3
-63.9	-1.33
-54.3	-0.0847
-63.9	-1.36
-64.2	-1.33
-52.9	-1.93
-59.3	-3.22
-61.7	-7.98
-62.7	9.53
-53.3	-2.07
-56.4	-1.6
-62	-1.31
-54.7	-12.5
-55	10.7
-61.1	4.57
-62.5	11.6
-0.454	41.5
-7.45	49.7
-60.5	0.92
-63	-3.94
-22.1	28.7
-62.7	-7.19
-55	10.7
-61.4	0.0536
-53.4	-2.09
-53	-14.1
-62	-5.67
-61.8	-4.88
-61	-3.35
-60.6	0.778
-62.5	-4.9
-21.5	28.3
-61.4	-4.89
-62.7	-7.19
-61	0.114
-59.6	-2.95
-60.7	-0.0435
-54.4	0.0741
-53.8	0.0831
-57.9	-3.66
-54.8	-12.4
-54.8	-12.4
-21.9	1.76
-20.6	-13.8
-22.5	-0.46
-29.8	11
-56.7	2.99
-54	4.41
-53.8	3.68
-48.1	14.7
-52.3	4.08
-52.4	4.13
-32	29.7
-38.9	11.4
-30.5	31
-42.5	-5.04
-50.5	2.67
-47.4	-0.41
-52.7	6.09
-22.4	29.9
-45.5	13.8
-15.8	17.1
-24.6	10.2
-22.6	-0.239
-15.8	-6.04
-52.1	23.2
-60.7	-3.4
64.7	34.8
64.7	34.8
64.8	34.8
64.7	34.8
64.7	34.7
64.8	35.4
64.3	36.5
29.1	20.5
41	41.2
64.8	35.4
45.3	20.8
68.6	18.2
65.4	35.1
56.4	26.4
64.4	35.4
-21	35.8
41.9	23.5
40.1	-1.16
-16	-14.7
16.8	0.798
11.3	-2.5
16.5	-0.542
19.2	3.64
15.5	0.629
60.9	-0.673
15.2	0.567
18.8	2.6
12.3	-1.16
-31	14.6
23.7	-0.731
-32	16.2
23.3	-2.76
-38.1	29.2
36.8	-50.2
-18.5	8.41
-19	8.52
-31.4	11.7
-31.6	11.8
-31.8	11.3
-30.1	12.5
-17.4	12.9
15	-31.9
-37.8	29.3
-3.61	19.2
-32.5	25.9
-42.7	1.64
-44.4	-1.61
10.3	17
-30.5	-28.4
25.2	-1.26
24.7	14
30.5	9.69
-9.95	53
-9.72	52.6
7.49	33
7.51	33
-31.7	46.9
-9.3	52.7
-31.9	47
-31.9	47
-31.7	46.7
-31.6	47
-11.3	52.2
-10.7	52
19.8	46.9
19.8	46.8
31.1	35.5
-9.72	52.6
-45.6	-13.8
-12.9	-27.1
45.7	20.4
13.5	-35.7
16	4.51
-44.5	31.9
5.81	53
7.49	-71.1
-0.72	41.2
24	-59.8
2.36	55.7
58.6	12.8
-11.9	27.7
68.9	9.04
-76.1	2.35
-44.6	-14.4
17.1	-70.5
61.6	15.3
-12.8	-24.7
27.4	18.3
52	40
66.5	0.286
54.5	11
54.3	11.1
59.1	-4.82
25.6	-39.7
26.3	19.5
-43.4	34.3
64.8	0.754
-44.1	33.6
69.6	10.5
62.2	-5.57
-31.3	-18.9
57.9	12.9
23.9	-43.1
26	-4.01
-2.13	-75.4
25.9	-40.3
24.9	-40.7
27.1	-39.8
-42.4	33.7
21.8	-47.1
-96.5	10.4
38.5	-7.62
12.5	-53.3
-1.86	-74.9
40.5	-2.6
21.2	-5.52
7.3	-1.22
13.9	3.23
-57.4	-9.63
-1.86	-74.9
61.7	-5.83
68.8	4.26
7.05	-70.7
4.93	65.1
38.2	-7.26
54.1	37.3
22.9	-44.7
70.8	24.3
-4.1	-75.1
16.8	5.1
2.62	-24.3
-19	-19.4
21.4	-47.3
-96.1	7.94
-92.4	8.06
-56.4	-6.28
-96.1	7.94
17.3	-73.1
16.8	-70.6
24.2	-60.2
-71.9	0.208
24.5	26.6
30.2	18.4
-47.2	25.4
64.3	20.9
59.4	14.7
-47	24.8
-46.9	23.7
-46.9	22.2
-45.5	20.3
64.1	20
68.7	20.8
1.84	-34.2
-16.8	-54.2
-30.4	11.4
-21.5	7.4
29.2	-2.5
39.3	-2.81
35	-8.29
26	-8.2
32.9	-6.42
10.5	-69
8.5	-67.4
7.95	-68.7
15.8	-63.4
2.2	39.2
36.9	38.8
47.6	10.5
2.69	56.9
7.15	-68.4
6.6	-74
-30.5	1.12
-30.5	1.53
7.41	-70.6
-31.8	-25.9
-33.9	44.9
-6.17	-71.9
9.85	-66.2
-13.7	-59.7
9.87	-63.6
1.09	39.6
-43.9	32.8
8.2	-59.1
25.3	-50.9
25.2	-51.4
-30.7	1.43
6.7	-59.2
25.2	-53.3
7.59	-58.8
20.5	-3.14
-43.1	40.5
5.63	-64.2
35.7	0.544
-47.8	26
-30.1	49.3
-24.1	8.68
15.6	-8.86
-28.8	13.2
11	-69.7
-43.9	32.9
-0.717	26.2
-0.772	26.2
-23.7	43.8
43.8	22.7
13.7	37.5
13.7	37.7
25.8	21.2
59.5	-1.68
25.1	15.1
25.4	15.1
44.7	17.2
24.3	27.6
20.8	-3.54
-0.653	26.2
26.8	46.2
-54.3	29
7.08	-70.2
-54.8	-4.81
8.67	-76
8.89	-75.7
10.3	-74.1
10.2	-74.1
-15.2	-36.7
-91	9.62
-45.7	19.2
-53.6	36.9
-41.2	26.9
56.7	21.2
61.2	18.8
6.68	-30.3
69.9	25.1
-11.7	24.5
18.1	-9.46
0.108	-44.1
-27.7	-44.8
-18.7	-14.6
7.81	18.4
-24.4	34.6
-27.5	-46.2
-27.6	-35.1
-18.9	-14.5
-24.8	34.6
8.11	19.4
-28.7	-46.1
-8.06	-57
-24.8	34.7
-6.87	-54.1
-18.6	-14.5
-27.7	-46
-32.5	5.13
6.98	19.9
-11.5	-53.4
3.8	37.5
-28.8	-46.3
30.8	38.5
-43.6	-6.96
-27.3	-46.1
-26.4	-45.9
18.5	-1.87
-21	-14.5
-26.6	-45.9
18.4	-2.02
-8.5	-32
17.3	-7.81
-44	-6.96
24.5	-9.55
-10.2	-41.2
-27.3	-46
18.9	-1.81
-43.6	-6.92
3.8	37.5
24.5	-9.55
17.3	-7.81
-6.43	20.5
-5.26	22.2
-5.47	22.3
-5.17	22.3
17.7	-7.88
20.5	-34.7
28.2	-0.221
28.4	-0.14
28.2	-0.246
-15.3	23.9
-23.2	35
-27.2	36.1
-25.7	36
5.89	21.4
5.9	20.9
6.2	21
2.36	33.5
-6.97	20.2
-6.63	16.2
-6.66	16.4
-8.71	15.8
-8.15	16.1
5.38	-27.8
-40.1	-3.95
7.2	17.6
25.9	-8.18
25.5	-5.74
18.4	-6.2
-3.43	-22.4
-15.6	24.6
-3.49	-22.8
18	-8.94
-11.1	7.51
34.3	-8.21
45.6	6.33
-8.46	7.41
-63.2	12.9
18.3	-6.41
27.8	-11.4
-14.8	-13.1
19	-5.21
31.8	4.9
-26.6	-46
-27.6	-35.4
-30.9	1.06
-16.2	-14.4
-9.22	-58.1
-6.37	20.6
-18.2	-14.3
-25.1	34.8
-43.1	31.1
7.62	18.5
-33.2	-24.2
-7.11	-61
-12.7	-14.9
-19.9	-16.9
30.4	-6.53
28.4	37.1
-12.8	-14.9
-13.1	-15.1
41.5	7.97
48	20.2
26.2	-0.205
31.8	4.88
-13.7	-19.6
26.5	-2.24
26.4	-2.33
26.4	-2.23
3.69	-5.43
-33.8	46.2
69.7	22.2
-9.62	20.4
15.6	1.41
-29	43.3
32.2	11.7
32.3	11.9
13.3	-72.3
-8.03	-32.2
3.93	20.7
1.08	-1.53
-59.1	0.949
-71.8	-1.14
-46.3	-15
-58.9	13.7
11.1	-1.43
41.2	-1.61
-58.8	12.3
49.4	1.58
5.1	55.9
29.4	34.3
-28.9	42.9
29.7	-4.12
27.4	-8.09
-1.4	-35.7
12.6	-2.58
-25.8	-28.9
-24.2	-13.5
-8.49	-33.6
35.1	3.76
-60.8	11.6
7.13	24.2
10.1	20.8
9.97	21.2
12.6	-34
14.9	24.6
-30.7	-18.8
33.1	-8.54
59.3	-0.12
-56.7	0.921
-37.5	25.1
-46.9	25.7
-33.1	43.8
-59.9	14.5
-48.2	-14.8
-93.6	7.78
37.9	-8.65
-8.57	60.1
-42.8	5.06
-8.05	63.9
-9.27	-24
4.48	55.6
-33.7	43
-55.2	13.6
-6.62	57
-20.8	-18.7
-6.41	56.9
27.3	45.5
34.8	43.9
61.5	8.74
-58.5	9.33
47.4	8.1
40.7	5.85
25.1	-42.7
-20.9	27.2
-55.3	17.5
-40.6	38.4
-51.1	17.1
39.9	23.2
-93.1	10.7
15	35.3
-55	30.8
-6.97	59.1
-28.7	40.8
-29.7	45.6
3.35	56.4
5.2	55.9
11.7	55.2
48.6	6.37
55.6	6.67
49.1	6.47
35.1	39.6
-71.5	-1.74
-47	-12.9
-57.8	-8.89
67.8	21.2
14.1	19.8
53.3	-2.76
70.9	14.6
19.4	0.834
-51	9.82
-49.3	-8.26
15	-3.97
-53.4	-12.7
4.22	-4.19
67.8	23.3
-25	44.7
57.7	12
-53.4	17.4
-43.8	-5.49
27.1	-36.7
-50.2	-13.5
41.7	-3.81
-6.44	-74
-40.5	30.2
-6.44	-74
-3.26	-76
-6.34	-74.1
-40.5	30.2
36.5	-21.4
36.6	-21.5
-6.34	-74.1
51.6	21.5
45.8	25.4
41.5	29.3
56.4	13.4
59.6	14.1
59.8	14.5
-53.5	-16.8
-8.69	57.9
-48.5	13
-52.1	-13
0.485	-37.7
-54	-16.9
52.5	27.5
-42.8	27.6
-41	25.3
-6.51	56.8
3.8	63
8.1	24.3
54.5	-2.8
3.26	33.1
37.4	-10.1
2.94	34.1
-33.8	43.7
-2.19	41.7
-33.2	42.9
-13.6	-62.2
-20.3	-47.2
24.9	0.292
-6.43	-70.5
-71.6	2.02
-8.3	22.4
49.8	9
13.4	53.9
-0.422	-62.7
-1.62	-64.3
14.5	-48.1
7.27	-4.32
-45.6	-14.8
-32.1	44.9
4.18	66.4
51.3	1.05
51.3	25.6
38	-8.71
9.08	-2.93
-59.9	15.8
35.1	43.3
-9.33	-39.9
-6.84	-42.6
28.7	32.1
30.1	42.1
-49.7	31.1
-33.9	43.8
60.6	12
-22.8	-16.4
18.5	47.7
-6.86	-43.1
4.01	-49.7
24.3	-39.6
-45.5	27.7
38.1	-8.52
-32.4	43.4
-62.5	2.51
64.5	35.3
-30.4	45.7
-11.1	70
59	34.6
-19	-51.4
34.1	38
43.7	3.73
-21.8	5.76
-60.1	12.8
33.3	-8.94
25.2	17
26.5	16.1
17.5	3.39
-44.5	21.3
-34.2	21.7
60.9	16.5
-17.6	21.1
-22.9	-16.5
68.3	18.7
50.3	4.07
7.85	34.3
-27.2	44.2
59	34
49.8	4.22
37.8	-6.16
49.8	4.06
1.78	35.1
15.4	26.6
-42.9	8.71
50	1.17
59.2	4.67
-51.8	23.5
-7.44	64.3
-47.8	22.1
58.9	3.91
-29.4	45.5
5.21	53.6
-29.5	43.7
-74.3	0.726
-94.7	10.8
2.76	-6.32
-31.3	43.3
-26.9	41.2
-44.5	42.4
57	33.1
15	-2.83
15.6	-2.63
3.67	-4.75
-42.5	5.3
-50.9	-13.3
-44.8	42.8
-40.5	15.7
27.3	-40.9
-23.2	-45.2
-1.18	-75.4
3.07	-6.05
12.9	-64.4
35.3	-52.1
